,Full Name,Fastest Lap Time,Fastest Lap Speed,Fastest Lap,Milliseconds,Points,Position,Rank,Grid
22257,Sergio Pérez,0.0,0.0,0,0.0,0.0,0,0,10
23472,Max Verstappen,0.0,0.0,0,0.0,0.0,0,0,5
22890,Carlos Sainz,0.0,0.0,0,0.0,0.0,0,0,10
22148,Daniel Ricciardo,0.0,0.0,0,5603.235,0.0,0,0,2
22494,Sergio Pérez,0.0,0.0,0,0.0,0.0,0,0,11
23936,Pierre Gasly,0.0,0.0,0,0.0,0.0,0,0,14
23596,Daniel Ricciardo,0.0,0.0,0,0.0,0.0,0,0,6
23655,Max Verstappen,0.0,0.0,0,0.0,0.0,0,0,2
24016,Charles Leclerc,0.0,0.0,0,0.0,0.0,0,0,17
23020,Lewis Hamilton,0.0,0.0,0,0.0,0.0,0,0,1
7791,Lewis Hamilton,0.0,0.0,0,0.0,0.0,0,\N,12
23696,Carlos Sainz,0.0,0.0,0,0.0,0.0,0,0,19
23875,Pierre Gasly,0.0,0.0,0,0.0,0.0,0,0,12
20654,Lewis Hamilton,0.0,0.0,0,0.0,0.0,0,\N,5
24034,Charles Leclerc,0.0,0.0,0,0.0,0.0,0,0,12
24759,Carlos Sainz,0.0,0.0,0,0.0,0.0,0,0,7
23513,Carlos Sainz,0.0,0.0,0,0.0,0.0,0,0,13
23815,Max Verstappen,0.0,0.0,0,0.0,0.0,0,0,15
22170,Sergio Pérez,0.0,0.0,0,0.0,0.0,0,0,14
24419,Sergio Pérez,0.0,0.0,0,0.0,0.0,0,0,8
24798,Max Verstappen,0.0,0.0,0,0.0,0.0,0,0,3
21708,Sergio Pérez,0.0,0.0,0,0.0,0.0,0,0,12
24459,Max Verstappen,0.0,0.0,0,0.0,0.0,0,0,5
23536,Sergio Pérez,0.0,0.0,0,0.0,0.0,0,0,0
21513,Sergio Pérez,0.0,0.0,0,0.0,0.0,0,0,4
24458,Carlos Sainz,0.0,0.0,0,0.0,0.0,0,0,15
23575,Carlos Sainz,0.0,0.0,0,0.0,0.0,0,0,13
23556,Max Verstappen,0.0,0.0,0,0.0,0.0,0,0,5
24818,Carlos Sainz,0.0,0.0,0,0.0,0.0,0,0,6
22551,Valtteri Bottas,0.0,0.0,0,0.0,0.0,0,0,0
23816,Daniel Ricciardo,0.0,0.0,0,0.0,0.0,0,0,4
24799,Pierre Gasly,0.0,0.0,0,0.0,0.0,0,0,16
23195,Carlos Sainz,0.0,0.0,0,0.0,0.0,0,0,14
21515,Lewis Hamilton,0.0,0.0,0,0.0,0.0,0,0,7
24648,Carlos Sainz,65.619,236.894,68,0.0,3.0,9,1,3
24642,Max Verstappen,66.145,235.01,70,5004.3809999999985,15.0,3,2,2
24640,Lewis Hamilton,66.719,232.989,68,4970.683,25.0,1,3,1
24645,Sergio Pérez,67.188,231.362,68,5033.07,8.0,6,4,17
24644,Lando Norris,67.193,231.345,66,5032.153,10.0,5,5,9
23952,Lewis Hamilton,67.241,231.18,58,0.0,0.0,0,3,2
24643,Alexander Albon,67.29899999999999,230.981,67,5015.083,12.0,4,6,6
23540,Lewis Hamilton,67.411,230.597,69,4915.953,12.0,4,1,8
23937,Max Verstappen,67.44200000000001,230.491,70,4916.024,25.0,1,4,4
23539,Daniel Ricciardo,67.44200000000001,230.491,69,4914.535,15.0,3,2,4
24360,Max Verstappen,67.475,230.378,60,4921.822,26.0,1,1,2
24622,Lando Norris,67.475,230.378,71,5461.23,16.0,3,1,3
24641,Valtteri Bottas,67.53399999999999,230.177,62,4984.402,18.0,2,7,4
23954,Daniel Ricciardo,67.59100000000001,229.983,46,0.0,0.0,0,5,7
24560,Valtteri Bottas,67.657,229.758,68,5455.739000000001,25.0,1,2,1
24623,Lewis Hamilton,67.712,229.572,67,5461.428000000001,12.0,4,3,5
24647,Daniel Ricciardo,67.832,229.166,65,5033.274,4.0,8,9,8
23537,Valtteri Bottas,67.847,229.115,51,4908.523,25.0,1,5,1
24621,Charles Leclerc,67.90100000000001,228.933,64,5458.439,18.0,2,4,7
24624,Carlos Sainz,67.97399999999999,228.687,63,5464.642,10.0,5,5,8
24361,Charles Leclerc,67.994,228.62,58,4924.5459999999985,18.0,2,3,1
24364,Lewis Hamilton,68.05,228.432,69,4944.627,10.0,5,5,4
24367,Carlos Sainz,68.117,228.207,53,0.0,4.0,8,6,19
24625,Sergio Pérez,68.305,227.579,63,5470.831,8.0,6,6,6
23088,Lewis Hamilton,68.411,227.647,67,5258.107,25.0,1,1,1
23543,Sergio Pérez,68.47,227.03,58,0.0,6.0,7,9,7
23943,Sergio Pérez,68.50399999999999,226.918,66,0.0,6.0,7,8,16
24362,Valtteri Bottas,68.565,226.716,53,4940.782,15.0,3,7,3
24365,Lando Norris,68.699,226.274,69,0.0,8.0,6,8,5
23092,Daniel Ricciardo,68.77,226.459,66,5289.088000000002,10.0,5,3,5
24366,Pierre Gasly,68.78999999999999,225.974,63,0.0,6.0,7,9,8
23945,Charles Leclerc,69.006,225.267,68,0.0,2.0,9,14,18
24626,Pierre Gasly,69.025,225.205,64,5472.4209999999985,6.0,7,11,12
23955,Valtteri Bottas,69.044,225.143,12,0.0,0.0,0,15,1
23553,Carlos Sainz,69.15,224.798,42,0.0,0.0,0,15,10
24639,Max Verstappen,69.351,224.146,5,0.0,0.0,0,15,2
23089,Max Verstappen,69.618,223.7,69,5263.826,18.0,2,5,8
23095,Carlos Sainz,70.138,222.042,68,5305.507,4.0,8,11,15
23096,Valtteri Bottas,70.21000000000001,221.814,55,0.0,2.0,9,12,7
24161,Valtteri Bottas,70.53999999999998,219.909,65,5252.009,10.0,5,1,3
24638,Daniel Ricciardo,70.61,220.15,8,0.0,0.0,0,19,10
24600,Valtteri Bottas,70.69800000000002,219.417,43,0.0,0.0,0,1,4
24581,Max Verstappen,70.862,218.909,61,5594.678000000001,25.0,1,2,1
23741,Max Verstappen,71.044,218.349,64,5519.201999999998,10.0,5,1,4
24587,Lewis Hamilton,71.082,218.232,46,5605.816999999999,6.0,7,3,3
24160,Daniel Ricciardo,71.343,217.43400000000003,62,5234.259,12.0,4,3,11
22673,Lewis Hamilton,71.475,217.888,60,5425.73,18.0,2,2,1
24158,Max Verstappen,71.578,216.72,61,5230.535,18.0,2,4,5
24157,Lewis Hamilton,71.795,216.065,70,5229.066,25.0,1,7,1
23740,Lewis Hamilton,71.845,215.914,63,5491.73,12.0,4,2,20
23742,Daniel Ricciardo,72.029,215.363,71,5534.953,8.0,6,4,14
24163,Charles Leclerc,72.082,215.204,70,5273.265,6.0,7,8,7
22286,Sergio Pérez,72.142,215.874,59,5303.522,8.0,6,1,15
22282,Lewis Hamilton,72.217,215.65,41,5276.908,18.0,2,2,9
22676,Valtteri Bottas,72.248,215.557,52,5470.5340000000015,10.0,5,7,6
24588,Lando Norris,72.328,214.472,63,5605.882,4.0,8,7,10
22679,Max Verstappen,72.34899999999999,215.256,64,0.0,4.0,8,9,7
22680,Sergio Pérez,72.377,215.173,58,0.0,2.0,9,10,13
24582,Pierre Gasly,72.425,214.185,65,5600.755,18.0,2,9,6
23738,Valtteri Bottas,72.46600000000001,214.064,58,5489.024,18.0,2,5,1
726,Lewis Hamilton,72.506,213.946,58,0.0,2.0,7,2,2
22283,Valtteri Bottas,72.581,214.568,63,5283.148,15.0,3,3,2
24586,Daniel Ricciardo,72.733,213.278,44,5605.219,8.0,6,11,11
24589,Sergio Pérez,72.84,212.965,64,5606.2069999999985,2.0,9,12,15
23745,Sergio Pérez,73.05199999999998,212.347,61,5555.762,2.0,9,8,5
22288,Daniel Ricciardo,73.06,213.161,55,5318.498000000001,4.0,8,10,5
24323,Valtteri Bottas,73.078,214.833,69,5398.127,13.0,4,1,6
24583,Carlos Sainz,73.158,212.039,63,5603.574000000001,15.0,3,16,20
500,Lewis Hamilton,73.222,206.101,20,5469.965,10.0,1,2,1
22687,Carlos Sainz,73.234,212.655,28,0.0,0.0,0,15,12
22497,Lewis Hamilton,73.555,210.895,62,5404.012,18.0,2,1,2
20731,Lewis Hamilton,73.851,210.049,66,5606.437,12.0,4,1,4
23899,Max Verstappen,73.86399999999999,212.547,65,5319.736999999999,15.0,3,1,3
23898,Valtteri Bottas,73.992,212.179,51,5318.7530000000015,18.0,2,3,2
23900,Daniel Ricciardo,74.15899999999999,211.701,59,5332.269,12.0,4,5,6
352,Lewis Hamilton,74.15899999999999,209.177,31,5690.342,4.0,5,4,4
23901,Lewis Hamilton,74.18299999999998,211.633,66,5332.936,10.0,5,6,4
23885,Max Verstappen,74.26,161.77200000000005,60,6200.124,2.0,9,1,20
24304,Pierre Gasly,74.279,161.73,72,6218.383000000002,11.0,5,1,8
7855,Lewis Hamilton,74.345,208.654,59,5562.025,6.0,3,6,17
24322,Charles Leclerc,74.35600000000001,211.14,63,5351.78,15.0,3,2,3
23494,Lewis Hamilton,74.551,210.588,64,5585.154,25.0,1,1,1
24324,Max Verstappen,74.767,209.98,67,5404.739000000001,10.0,5,3,9
24320,Lewis Hamilton,74.813,209.851,62,5347.084,25.0,1,4,2
22873,Lewis Hamilton,74.832,207.296,51,5476.846,18.0,2,1,2
24302,Valtteri Bottas,75.163,159.828,65,6211.599,15.0,3,2,2
457,Lewis Hamilton,75.372,159.528,28,6033.424,8.0,2,2,2
22513,Daniel Ricciardo,75.387,205.77,30,0.0,0.0,0,18,9
23977,Lewis Hamilton,75.545,217.968,66,5549.845,25.0,1,1,14
23877,Daniel Ricciardo,75.562,158.984,13,6174.807,25.0,1,5,1
24307,Alexander Albon,75.607,158.89,43,6263.637,4.0,8,3,10
23904,Carlos Sainz,75.666,207.485,61,0.0,4.0,8,13,9
24308,Daniel Ricciardo,75.697,158.701,78,6269.331,2.0,9,4,6
23978,Valtteri Bottas,75.721,217.461,65,5554.38,18.0,2,2,2
23476,Daniel Ricciardo,75.756,158.577,51,6288.085,15.0,3,4,5
23480,Lewis Hamilton,75.825,158.433,54,6300.141,6.0,7,5,13
23980,Max Verstappen,75.852,217.085,66,5557.499,12.0,4,3,4
24305,Carlos Sainz,75.891,158.295,32,6261.891,8.0,6,5,9
23495,Valtteri Bottas,75.89399999999999,206.862,65,5604.937,18.0,2,5,3
22880,Max Verstappen,75.972,204.185,56,0.0,2.0,9,9,9
23044,Lewis Hamilton,75.98100000000001,206.625,68,5465.2959999999985,25.0,1,2,1
188,Lewis Hamilton,76.039,216.552,17,5480.874,10.0,1,2,1
22876,Valtteri Bottas,76.039,204.005,61,0.0,10.0,5,10,7
24325,Daniel Ricciardo,76.075,206.37,55,0.0,8.0,6,9,4
24327,Pierre Gasly,76.157,206.147,51,0.0,4.0,8,10,5
23496,Daniel Ricciardo,76.16499999999998,206.126,67,5620.451,15.0,3,8,6
24300,Lewis Hamilton,76.167,157.721,9,6208.437,25.0,1,6,1
20444,Lewis Hamilton,76.219,157.755,68,6617.718000000002,10.0,5,10,5
24303,Max Verstappen,76.229,157.593,9,6213.974,12.0,4,7,3
22110,Sergio Pérez,76.24600000000001,203.451,50,5600.351,8.0,6,5,19
23879,Lewis Hamilton,76.27,157.50799999999995,15,6191.82,15.0,3,8,3
23881,Valtteri Bottas,76.312,157.422,21,6193.629,10.0,5,9,5
23047,Max Verstappen,76.319,205.71,49,5518.316,12.0,4,4,5
23478,Max Verstappen,76.32900000000002,157.387,56,6290.539000000002,10.0,5,8,4
21843,Lewis Hamilton,76.354,205.615,69,5545.085,15.0,3,3,2
23498,Sergio Pérez,76.367,205.58,62,5625.63,10.0,5,11,8
21375,Sergio Pérez,76.414,205.454,67,5554.846,15.0,3,3,15
23477,Valtteri Bottas,76.439,157.16,22,6289.857,12.0,4,9,3
478,Lewis Hamilton,76.494,205.239,37,6251.292,10.0,1,2,1
20563,Lewis Hamilton,76.503,215.238,65,5285.76,12.0,4,5,6
23050,Daniel Ricciardo,76.506,205.207,51,5528.93,6.0,7,5,4
23052,Carlos Sainz,76.578,205.014,54,0.0,2.0,9,7,20
524,Lewis Hamilton,76.587,207.34,39,5486.353,6.0,3,4,2
24660,Lewis Hamilton,76.627,205.823,70,5772.473000000001,26.0,1,1,1
24400,Max Verstappen,76.645,214.83900000000003,61,6271.275,26.0,1,1,2
23479,Carlos Sainz,76.649,156.73,39,6296.3780000000015,8.0,6,14,6
22113,Lewis Hamilton,76.69200000000002,202.268,51,5629.203,2.0,9,10,5
22125,Valtteri Bottas,76.84,201.879,43,0.0,0.0,0,13,13
23046,Valtteri Bottas,76.938,204.055,68,5511.718000000002,15.0,3,10,7
21373,Lewis Hamilton,77.02,203.837,59,5549.585999999998,25.0,1,6,2
23883,Pierre Gasly,77.09899999999999,155.815,68,6199.138000000001,6.0,7,15,10
24421,Max Verstappen,77.10300000000002,204.552,69,5721.592,19.0,2,1,1
24338,Alexander Albon,77.15100000000001,203.491,47,0.0,0.0,0,16,13
23511,Max Verstappen,77.187,203.396,9,0.0,0.0,0,18,5
21226,Lewis Hamilton,77.209,200.914,35,0.0,0.0,0,11,4
22652,Lewis Hamilton,77.47200000000002,202.648,64,5513.145,25.0,1,3,1
146,Lewis Hamilton,77.506,202.55900000000003,4,0.0,0.0,0,3,1
24662,Valtteri Bottas,77.66499999999998,203.072,66,5781.925,15.0,3,2,2
23894,Charles Leclerc,77.71000000000002,154.59,17,0.0,0.0,0,20,14
20488,Lewis Hamilton,77.806,201.778,62,5633.456,25.0,1,2,1
24404,Carlos Sainz,77.84100000000002,211.538,63,6280.858,10.0,5,9,7
20899,Lewis Hamilton,77.84700000000002,154.45600000000005,54,7805.583,8.0,6,5,9
24405,Alexander Albon,77.85,211.514,63,6281.326999999998,8.0,6,10,16
23983,Sergio Pérez,77.867,211.468,66,5580.401,6.0,7,15,10
22654,Valtteri Bottas,77.922,201.478,67,5553.811,15.0,3,6,4
23022,Lewis Hamilton,77.939,154.135,71,7169.133000000002,25.0,1,1,3
24339,Lando Norris,78.023,201.217,4,0.0,0.0,0,20,8
22636,Daniel Ricciardo,78.063,153.891,74,6572.028,10.0,5,1,4
21704,Lewis Hamilton,78.069,198.701,38,0.0,0.0,0,1,1
21822,Lewis Hamilton,78.133,153.891,76,8285.95,12.0,4,3,2
24722,Valtteri Bottas,78.18299999999998,214.343,66,5550.031,16.0,3,1,2
23996,Daniel Ricciardo,78.262,210.4,22,0.0,0.0,0,18,20
24414,Valtteri Bottas,78.27199999999998,210.374,54,0.0,0.0,0,11,3
23023,Daniel Ricciardo,78.294,153.437,67,7176.385,18.0,2,3,1
23861,Daniel Ricciardo,78.441,213.638,61,5780.03,10.0,5,1,6
23155,Daniel Ricciardo,78.44200000000002,209.918,48,5451.196,18.0,2,1,3
23024,Sergio Pérez,78.446,153.139,64,7182.958000000001,15.0,3,4,7
24277,Lewis Hamilton,78.492,213.499,54,5750.443,26.0,1,1,2
108,Lewis Hamilton,78.51,153.15200000000004,71,7242.741999999998,10.0,1,6,3
23029,Carlos Sainz,78.51899999999999,152.997,70,0.0,4.0,8,5,6
24420,Lewis Hamilton,78.52799999999998,200.84,60,5703.7959999999985,25.0,1,2,3
22259,Daniel Ricciardo,78.64,199.638,68,5952.83,25.0,1,4,6
22634,Lewis Hamilton,78.676,152.692,42,6564.473000000001,15.0,3,3,1
24278,Valtteri Bottas,78.737,212.835,55,5754.517,18.0,2,2,1
24141,Valtteri Bottas,78.741,196.776,65,0.0,10.0,5,1,5
23154,Lewis Hamilton,78.74600000000001,209.107,52,5444.2,25.0,1,3,2
24840,Lewis Hamilton,78.75,212.708,63,5396.828,26.0,1,1,1
21353,Lewis Hamilton,78.806,152.577,46,6370.658,10.0,5,4,3
24408,Lewis Hamilton,78.811,208.935,64,6290.941999999999,2.0,9,12,1
24780,Lewis Hamilton,78.833,239.518,58,8375.06,26.0,1,1,1
22649,Max Verstappen,78.873,152.31,49,0.0,0.0,0,5,9
23717,Max Verstappen,78.892,196.4,65,5786.552,25.0,1,2,2
23156,Max Verstappen,78.91,208.673,47,5457.613,15.0,3,4,4
22275,Lewis Hamilton,78.94200000000002,198.875,24,0.0,0.0,0,9,2
23857,Lewis Hamilton,79.133,211.77,64,5729.972,25.0,1,3,1
24319,Charles Leclerc,79.15100000000001,151.775,6,0.0,0.0,0,20,15
24661,Max Verstappen,79.184,199.176,60,5781.175,18.0,2,4,7
24137,Max Verstappen,79.186,195.67,66,5908.851,25.0,1,2,2
24543,Charles Leclerc,79.232,195.557,53,5815.272,13.0,4,1,1
22239,Daniel Ricciardo,79.252,151.718,70,6577.275,15.0,3,2,3
21450,Sergio Pérez,79.27,207.725,62,5493.758000000002,8.0,6,6,17
22265,Valtteri Bottas,79.321,197.924,52,5976.408,6.0,7,11,4
24544,Alexander Albon,79.325,195.328,48,5830.303000000001,10.0,5,2,5
24427,Valtteri Bottas,79.331,198.807,59,0.0,4.0,8,3,2
24841,Valtteri Bottas,79.345,211.113,66,5422.42,18.0,2,2,2
22238,Lewis Hamilton,79.361,151.51,34,6576.871,18.0,2,3,2
23718,Valtteri Bottas,79.374,195.207,70,5806.23,18.0,2,3,4
23859,Max Verstappen,79.422,210.999,62,5756.845,15.0,3,4,5
21836,Daniel Ricciardo,79.426,151.386,26,0.0,0.0,0,13,12
24781,Valtteri Bottas,79.432,237.712,53,8379.94,18.0,2,2,2
24664,Alexander Albon,79.44,198.534,68,5850.789000000002,10.0,5,5,13
24540,Lewis Hamilton,79.461,194.993,66,5808.904,25.0,1,4,3
24153,Daniel Ricciardo,79.462,194.991,57,0.0,0.0,0,3,1
23858,Valtteri Bottas,79.47800000000002,210.85,56,5750.565,18.0,2,5,2
24542,Valtteri Bottas,79.494,194.912,66,5812.4569999999985,15.0,3,5,6
24548,Pierre Gasly,79.53,194.824,53,0.0,2.0,9,6,10
24667,Daniel Ricciardo,79.532,198.305,46,0.0,4.0,8,7,11
22638,Sergio Pérez,79.657,150.811,74,6573.433000000001,6.0,7,11,7
21365,Daniel Ricciardo,79.752,150.767,44,0.0,0.0,0,16,15
24279,Max Verstappen,79.76899999999999,210.081,57,5758.1219999999985,15.0,3,3,4
24720,Lewis Hamilton,79.822,209.942,63,5505.279,25.0,1,2,1
24842,Max Verstappen,79.854,209.767,62,5431.335999999998,15.0,3,4,3
22327,Lewis Hamilton,79.908,206.066,53,5645.444,15.0,3,1,20
23723,Sergio Pérez,79.929,193.852,54,0.0,6.0,7,4,9
23725,Lewis Hamilton,79.945,193.813,69,0.0,2.0,9,5,3
24281,Charles Leclerc,80.002,209.469,57,5763.804,10.0,5,5,5
24000,Daniel Ricciardo,80.012,197.115,46,5882.846,12.0,4,1,12
24782,Alexander Albon,80.039,235.909,51,8383.124,15.0,3,3,4
24666,Sergio Pérez,80.09,196.923,39,0.0,6.0,7,10,4
21468,Lewis Hamilton,80.09100000000002,205.596,34,0.0,0.0,0,19,7
24547,Daniel Ricciardo,80.146,193.327,53,5883.828,4.0,8,9,13
588,Lewis Hamilton,80.17099999999998,196.724,13,5752.991,10.0,1,2,1
24845,Carlos Sainz,80.268,208.685,65,0.0,8.0,6,6,7
24545,Max Verstappen,80.406,192.702,65,5877.710999999998,8.0,6,11,4
24843,Charles Leclerc,80.408,208.322,66,5462.14,12.0,4,7,4
24783,Daniel Ricciardo,80.426,234.774,57,8385.476999999999,12.0,4,4,8
23162,Valtteri Bottas,80.44200000000002,204.699,36,0.0,2.0,9,15,7
24668,Carlos Sainz,80.477,195.976,68,0.0,2.0,9,15,9
24546,Sergio Pérez,80.485,192.512,70,5882.723000000001,6.0,7,12,11
23581,Max Verstappen,80.49,195.944,44,5999.989000000001,10.0,5,3,5
24423,Charles Leclerc,80.493,195.937,49,5769.0459999999985,12.0,4,5,4
24282,Pierre Gasly,80.536,208.08,57,5770.019,8.0,6,6,6
24143,Charles Leclerc,80.53699999999999,192.388,67,0.0,6.0,7,6,9
24844,Pierre Gasly,80.551,207.952,65,0.0,10.0,5,9,9
24784,Sergio Pérez,80.632,234.175,59,8390.71,10.0,5,5,7
22853,Lewis Hamilton,80.723,191.945,67,6156.991999999998,18.0,2,2,2
24140,Lewis Hamilton,80.72800000000002,191.933,49,5987.589,12.0,4,8,3
24846,Sergio Pérez,80.80199999999998,207.306,49,0.0,6.0,7,11,5
23580,Lewis Hamilton,80.818,195.149,66,5999.598000000001,12.0,4,5,4
22330,Daniel Ricciardo,80.846,203.676,53,5675.463000000002,8.0,6,5,5
24284,Carlos Sainz,80.85900000000002,207.249,59,5782.785,4.0,8,10,12
24848,Daniel Ricciardo,80.906,207.04,61,0.0,2.0,9,14,10
24424,Carlos Sainz,81.002,194.706,66,0.0,10.0,5,10,8
24425,Pierre Gasly,81.045,194.602,65,0.0,8.0,6,12,6
22252,Valtteri Bottas,81.105,148.252,50,0.0,0.0,0,14,13
23997,Lewis Hamilton,81.107,194.454,63,5836.427,25.0,1,4,1
23865,Sergio Pérez,81.128,206.562,43,0.0,2.0,9,8,15
23310,Daniel Ricciardo,81.134,190.972,53,6052.26,15.0,3,1,4
24428,Lando Norris,81.188,194.26,65,0.0,2.0,9,13,7
24785,Lando Norris,81.19800000000002,232.542,59,8393.943000000001,8.0,6,7,11
23579,Valtteri Bottas,81.214,194.198,68,5999.175,15.0,3,6,3
24787,Charles Leclerc,81.229,232.453,50,8403.405,4.0,8,9,5
23863,Carlos Sainz,81.324,206.064,61,0.0,6.0,7,9,9
23732,Carlos Sainz,81.36,190.442,34,0.0,0.0,0,15,8
24721,Max Verstappen,81.477,205.677,53,5529.456,18.0,2,4,3
212,Lewis Hamilton,81.493,193.533,15,5870.115,4.0,5,3,1
22326,Valtteri Bottas,81.494,202.056,45,5643.703,18.0,2,9,2
22854,Valtteri Bottas,81.58500000000002,189.917,68,6169.63,15.0,3,4,6
22856,Daniel Ricciardo,81.625,189.824,70,6174.72,10.0,5,5,5
24559,Lando Norris,81.643,189.782,46,0.0,0.0,0,19,8
546,Lewis Hamilton,81.675,226.6,11,4942.447,6.0,3,4,1
24002,Pierre Gasly,81.685,193.078,64,5909.7,8.0,6,7,6
24001,Valtteri Bottas,81.736,192.957,39,5886.427,10.0,5,8,2
24725,Carlos Sainz,81.771,204.938,59,0.0,8.0,6,5,7
24462,Lewis Hamilton,81.779,255.014,51,4561.864000000001,16.0,3,1,2
23583,Carlos Sainz,81.87100000000001,192.639,67,0.0,6.0,7,11,9
68,Lewis Hamilton,82.01700000000001,204.323,20,5903.238,6.0,3,3,5
23584,Sergio Pérez,82.105,192.09,68,0.0,4.0,8,14,13
24727,Alexander Albon,82.194,203.883,41,0.0,4.0,8,11,6
24155,Carlos Sainz,82.38600000000001,188.07,6,0.0,0.0,0,12,8
7733,Lewis Hamilton,82.479,191.219,16,5903.876,10.0,1,4,4
24037,Lewis Hamilton,82.49700000000001,252.794,30,4614.484,25.0,1,1,3
24724,Sergio Pérez,82.515,203.09,58,0.0,10.0,5,16,4
24728,Pierre Gasly,82.54299999999999,203.021,44,0.0,2.0,9,17,10
24296,Lando Norris,82.561,202.977,28,0.0,0.0,0,18,10
23308,Lewis Hamilton,82.596,187.592,66,6031.401999999999,25.0,1,4,1
22860,Max Verstappen,82.60300000000002,187.576,70,6190.267,2.0,9,10,8
24766,Lewis Hamilton,82.74600000000001,252.033,34,6443.301,7.0,7,1,1
22859,Sergio Pérez,82.757,187.227,51,6189.3809999999985,4.0,8,12,9
24005,Carlos Sainz,82.774,190.538,58,0.0,2.0,9,13,5
23736,Daniel Ricciardo,82.789,187.155,4,0.0,0.0,0,20,16
24461,Valtteri Bottas,82.85900000000002,251.69,47,4527.5,18.0,2,3,3
435,Lewis Hamilton,82.876,202.205,20,5503.02,8.0,2,2,4
23311,Max Verstappen,82.887,186.93400000000003,66,6052.725,12.0,4,6,3
24039,Valtteri Bottas,82.90700000000001,251.544,39,4628.55,15.0,3,3,4
633,Lewis Hamilton,82.936,251.456,17,4723.868,8.0,2,2,2
24460,Charles Leclerc,83.009,251.235,47,4526.665,25.0,1,4,1
24467,Max Verstappen,83.14299999999999,250.83,41,4601.157,4.0,8,5,19
23620,Daniel Ricciardo,83.361,250.174,49,4572.647,12.0,4,1,16
24465,Alexander Albon,83.36399999999999,250.165,45,4585.98,8.0,6,6,8
24463,Daniel Ricciardo,83.46600000000002,249.859,53,4572.18,12.0,4,7,5
23617,Lewis Hamilton,83.488,249.793,50,4532.312,25.0,1,2,1
23618,Valtteri Bottas,83.488,249.095,53,4536.7829999999985,18.0,2,3,4
24044,Carlos Sainz,83.529,249.671,43,4692.624,4.0,9,5,7
23315,Valtteri Bottas,83.53999999999998,185.472,65,6097.014,4.0,8,11,8
24154,Sergio Pérez,83.545,185.461,6,0.0,0.0,0,19,13
23454,Lewis Hamilton,83.59299999999999,200.471,64,5756.4969999999985,25.0,1,1,1
24041,Max Verstappen,83.60900000000002,249.432,41,4632.692,10.0,5,6,5
21016,Lewis Hamilton,83.661,188.517,61,6450.675,12.0,4,2,2
23456,Daniel Ricciardo,83.686,200.248,40,5832.316999999999,15.0,3,3,6
24466,Sergio Pérez,83.77,248.953,35,4600.4670000000015,6.0,7,9,18
7641,Lewis Hamilton,83.839,199.883,29,0.0,0.0,9,9,14
23132,Lewis Hamilton,83.84899999999999,188.095,69,6030.115,25.0,1,3,2
24761,Carlos Sainz,83.882,248.62,40,6426.471,18.0,2,2,3
24765,Daniel Ricciardo,83.898,248.573,38,6434.446999999999,8.0,6,4,7
24679,Pierre Gasly,83.939,187.893,10,0.0,0.0,0,20,10
24764,Valtteri Bottas,83.961,248.386,51,6433.164000000002,10.0,5,5,2
24739,Charles Leclerc,83.96799999999999,199.576,35,0.0,0.0,0,20,9
24015,Max Verstappen,83.985,187.79,5,0.0,0.0,0,19,7
24760,Pierre Gasly,84.037,248.162,34,6426.056,25.0,1,6,10
24043,Sergio Pérez,84.179,247.743,44,4673.162,6.0,8,11,14
24763,Lando Norris,84.23200000000001,247.587,50,6432.056,12.0,4,7,6
23134,Daniel Ricciardo,84.60799999999999,186.407,60,6057.654,15.0,3,5,3
21907,Lewis Hamilton,84.64699999999998,186.322,69,6149.445,25.0,1,3,1
23136,Max Verstappen,84.68700000000001,186.234,40,6078.774,10.0,5,7,4
23470,Valtteri Bottas,84.696,197.86,28,0.0,0.0,0,5,3
22714,Daniel Ricciardo,84.821,185.939,68,6395.069,15.0,3,1,4
23625,Sergio Pérez,84.96799999999999,245.442,48,4607.588,2.0,9,6,10
23139,Carlos Sainz,85.10300000000002,185.323,67,0.0,4.0,8,10,6
23140,Valtteri Bottas,85.273,184.954,59,0.0,2.0,9,11,10
23332,Max Verstappen,85.305,181.846,67,10882.816,15.0,3,1,4
23337,Daniel Ricciardo,85.53200000000001,181.363,42,10891.821000000002,4.0,8,2,6
24776,Max Verstappen,85.539,243.804,10,0.0,0.0,0,17,5
24197,Valtteri Bottas,85.58,223.075,57,5127.325,26.0,1,1,2
24479,Carlos Sainz,85.637,243.525,10,0.0,0.0,0,19,7
23330,Lewis Hamilton,85.639,181.137,44,10861.335,25.0,1,3,1
21469,Lewis Hamilton,85.67699999999998,184.082,65,6065.5030000000015,25.0,1,4,1
24053,Daniel Ricciardo,85.69200000000002,243.36900000000003,46,0.0,0.0,0,18,19
22717,Lewis Hamilton,85.727,183.974,68,6422.01,8.0,6,3,1
23457,Sergio Pérez,85.755,195.417,51,0.0,12.0,4,7,8
21959,Lewis Hamilton,85.84899999999999,242.924,51,4746.879,2.0,9,1,12
23202,Daniel Ricciardo,85.919,242.726,52,4693.384,10.0,5,2,6
23780,Daniel Ricciardo,85.945,222.128,54,5380.352,12.0,4,1,8
24777,Charles Leclerc,86.02600000000001,242.424,19,0.0,0.0,0,19,13
24198,Lewis Hamilton,86.057,221.83900000000003,57,5148.210999999998,18.0,2,2,1
21915,Sergio Pérez,86.14299999999999,183.086,59,0.0,2.0,9,10,9
23460,Carlos Sainz,86.186,194.439,61,0.0,6.0,7,9,12
21064,Lewis Hamilton,86.18700000000001,241.971,52,4863.589,12.0,4,1,2
24199,Max Verstappen,86.256,221.327,57,5149.845,15.0,3,3,4
20603,Lewis Hamilton,86.258,182.842,22,0.0,0.0,0,14,5
23199,Lewis Hamilton,86.303,241.646,27,4663.1590000000015,18.0,2,4,1
370,Lewis Hamilton,86.351,221.083,20,5147.365,6.0,3,3,4
23204,Max Verstappen,86.405,241.361,50,4702.325,6.0,7,8,7
23778,Lewis Hamilton,86.444,220.845,50,5378.319,18.0,2,3,1
89,Lewis Hamilton,86.529,222.085,31,5213.23,8.0,2,2,3
23039,Max Verstappen,86.56299999999999,138.779,34,0.0,0.0,0,18,0
23376,Valtteri Bottas,86.59299999999999,220.465,56,5062.922000000001,15.0,3,2,3
22347,Daniel Ricciardo,86.60799999999999,182.103,58,6785.058000000001,25.0,1,2,4
22752,Lewis Hamilton,86.67200000000001,240.617,48,4680.688,25.0,1,1,1
23203,Valtteri Bottas,86.708,240.517,46,4699.104,8.0,6,10,5
20871,Lewis Hamilton,86.727,193.227,52,5943.931,18.0,2,1,3
22354,Valtteri Bottas,86.85,181.595,63,6826.401999999999,4.0,8,3,3
23782,Max Verstappen,86.88,219.737,54,5402.228,8.0,6,5,4
23205,Sergio Pérez,86.92,239.93,40,4713.043,4.0,8,12,8
24201,Charles Leclerc,86.926,219.621,58,5185.528,10.0,5,4,5
23378,Max Verstappen,86.964,219.525,43,5080.499,10.0,5,5,5
23784,Valtteri Bottas,87.01899999999999,219.386,54,5407.6219999999985,4.0,8,8,15
23375,Lewis Hamilton,87.03299999999999,219.351,44,5061.647,18.0,2,6,1
23333,Sergio Pérez,87.09299999999999,178.113,41,10886.681,12.0,4,11,9
24681,Max Verstappen,87.09700000000002,243.49400000000003,52,5287.139,19.0,2,1,3
21926,Valtteri Bottas,87.12700000000001,181.018,41,0.0,0.0,0,16,16
23335,Carlos Sainz,87.15299999999998,177.99,38,10890.495,8.0,6,13,15
20878,Sergio Pérez,87.24700000000001,192.075,55,0.0,2.0,9,6,12
21805,Sergio Pérez,87.251,192.066,55,6038.334,2.0,9,10,8
21957,Daniel Ricciardo,87.294,238.903,52,4745.681,6.0,7,13,7
24380,Lewis Hamilton,87.369,242.735,52,4868.452,26.0,1,1,2
22349,Lewis Hamilton,87.38,180.49400000000003,36,6790.915,15.0,3,4,22
24381,Valtteri Bottas,87.406,242.633,47,4893.38,18.0,2,2,1
0,Lewis Hamilton,87.45200000000001,218.3,39,5690.616,10.0,1,2,1
22755,Valtteri Bottas,87.525,238.272,49,4728.684,12.0,4,6,6
21518,Sergio Pérez,87.56200000000001,238.171,53,4785.577,18.0,2,2,12
22715,Max Verstappen,87.65,179.938,62,6414.236,12.0,4,11,9
23381,Carlos Sainz,87.67699999999998,217.74,53,0.0,4.0,8,8,8
24416,Charles Leclerc,87.697,187.764,17,0.0,0.0,0,16,10
614,Lewis Hamilton,87.963,218.46400000000003,17,5247.246,4.0,5,3,2
22391,Lewis Hamilton,88.00399999999999,236.975,29,4750.236,25.0,1,1,1
22759,Daniel Ricciardo,88.065,236.811,50,0.0,4.0,8,9,19
24821,Max Verstappen,88.139,210.267,60,5754.111,19.0,2,1,3
22757,Sergio Pérez,88.14,236.609,46,4753.471,8.0,6,10,7
24820,Lewis Hamilton,88.145,210.253,58,5749.641,25.0,1,2,2
676,Lewis Hamilton,88.193,186.259,27,7234.5790000000015,10.0,1,1,1
23003,Daniel Ricciardo,88.209,189.98,46,6143.967,12.0,4,3,3
22613,Lewis Hamilton,88.27,189.849,54,6090.106,18.0,2,1,2
23380,Sergio Pérez,88.336,216.115,56,0.0,6.0,7,10,10
21517,Lewis Hamilton,88.42699999999998,235.841,52,4781.221,25.0,1,5,1
24701,Lewis Hamilton,88.45100000000001,239.766,43,4793.319,19.0,2,1,2
22730,Sergio Pérez,88.499,178.21200000000005,51,0.0,0.0,0,16,13
22043,Sergio Pérez,88.50299999999999,208.467,59,5516.016,10.0,5,4,9
20349,Lewis Hamilton,88.506,215.7,47,5646.429,8.0,6,3,11
22394,Valtteri Bottas,88.559,235.49,50,4791.022,12.0,4,5,3
22395,Daniel Ricciardo,88.588,235.413,53,4800.545,10.0,5,6,9
21344,Sergio Pérez,88.605,189.131,20,0.0,0.0,0,13,5
22728,Carlos Sainz,88.611,177.986,38,0.0,0.0,0,18,12
24687,Alexander Albon,88.689,239.123,52,5313.953,4.0,8,2,12
21163,Lewis Hamilton,88.721,207.955,58,5519.185,6.0,7,9,5
23000,Max Verstappen,88.816,188.682,36,6100.017,25.0,1,6,4
21332,Lewis Hamilton,88.91799999999999,188.465,50,6027.285,4.0,8,18,24
21616,Lewis Hamilton,88.944,207.433,58,5484.653,12.0,4,5,3
22915,Daniel Ricciardo,88.99700000000001,214.51,49,6519.895,12.0,4,1,8
7572,Lewis Hamilton,89.02,214.455,39,0.0,0.0,0,13,18
22044,Lewis Hamilton,89.05199999999998,207.182,53,5524.661999999998,8.0,6,15,3
23004,Valtteri Bottas,89.081,188.12,60,6145.288000000001,10.0,5,8,7
22397,Sergio Pérez,89.10700000000001,234.042,35,4812.754,6.0,7,8,10
24680,Lewis Hamilton,89.238,237.652,45,5281.283,25.0,1,3,1
24384,Max Verstappen,89.27199999999998,237.561,45,4907.91,10.0,5,4,4
24382,Charles Leclerc,89.31299999999999,237.452,47,4898.569,15.0,3,5,3
21077,Sergio Pérez,89.40299999999998,233.267,29,0.0,0.0,0,13,15
23390,Daniel Ricciardo,89.447,213.431,21,0.0,0.0,0,16,0
24700,Max Verstappen,89.465,237.049,46,4781.993,25.0,1,2,4
24704,Alexander Albon,89.477,237.017,46,4821.139,10.0,5,3,9
24683,Daniel Ricciardo,89.48200000000001,237.004,49,5300.933000000001,12.0,4,5,8
22215,Lewis Hamilton,89.48299999999999,187.275,54,6065.155,25.0,1,3,1
21231,Lewis Hamilton,89.538,213.21400000000003,57,5653.64,15.0,3,4,1
24383,Pierre Gasly,89.544,236.83900000000003,48,4903.144,12.0,4,8,5
24822,Daniel Ricciardo,89.584,206.876,53,5764.254,15.0,3,3,6
24686,Pierre Gasly,89.60300000000002,236.68400000000003,52,5312.471,6.0,7,7,11
24386,Daniel Ricciardo,89.624,236.628,50,4922.853,6.0,7,9,7
23005,Carlos Sainz,89.663,186.899,42,6161.411999999998,8.0,6,11,8
24823,Sergio Pérez,89.7,206.608,58,5765.710999999998,12.0,4,4,9
274,Lewis Hamilton,89.721,232.44,52,5237.406,2.0,7,5,15
24385,Carlos Sainz,89.757,236.277,50,4922.0909999999985,8.0,6,11,13
21713,Lewis Hamilton,89.759,212.689,45,5448.786,10.0,5,5,3
24702,Valtteri Bottas,89.765,236.256,44,4801.224,15.0,3,4,1
23006,Sergio Pérez,89.801,186.612,37,6179.555,6.0,7,15,9
24682,Charles Leclerc,89.81299999999999,236.13,49,5299.757,15.0,3,9,4
24215,Daniel Ricciardo,89.848,212.478,18,0.0,0.0,0,19,12
20797,Sergio Pérez,89.962,212.209,39,0.0,0.0,0,6,13
22217,Daniel Ricciardo,90.012,186.175,65,6114.169,15.0,3,5,3
24684,Lando Norris,90.05799999999998,235.488,41,5303.56,10.0,5,12,5
20464,Lewis Hamilton,90.075,213.342,54,5327.62,25.0,1,12,2
20849,Lewis Hamilton,90.10799999999999,213.264,48,5457.79,12.0,4,4,4
24825,Pierre Gasly,90.11,205.668,53,5772.406999999998,8.0,6,5,12
24824,Carlos Sainz,90.12899999999999,205.625,53,5771.5459999999985,10.0,5,6,10
22365,Sergio Pérez,90.28,174.696,21,0.0,0.0,0,17,12
20777,Lewis Hamilton,90.314,211.382,41,5392.556,18.0,2,8,2
22219,Valtteri Bottas,90.42399999999999,185.326,47,6144.448,10.0,5,8,4
24703,Charles Leclerc,90.552,234.203,39,4811.282,12.0,4,8,8
21237,Daniel Ricciardo,90.59200000000001,210.733,53,5689.121,2.0,9,8,10
23557,Lewis Hamilton,90.62100000000001,234.025,48,4887.43,25.0,1,1,1
22913,Lewis Hamilton,90.646,210.608,48,6503.625,18.0,2,4,1
23794,Pierre Gasly,90.649,210.601,13,0.0,0.0,0,18,20
23560,Max Verstappen,90.678,233.878,51,4939.555,12.0,4,2,4
24708,Lando Norris,90.698,233.826,49,4847.537,2.0,9,11,10
22615,Valtteri Bottas,90.711,184.74,44,6131.772,12.0,4,5,4
24826,Charles Leclerc,90.712,204.303,54,5780.455,6.0,7,10,4
22223,Sergio Pérez,90.756,184.648,39,0.0,2.0,9,13,11
21236,Sergio Pérez,90.84299999999999,210.151,46,5689.023,4.0,8,12,22
21727,Daniel Ricciardo,90.881,210.063,33,0.0,0.0,0,14,14
24216,Carlos Sainz,90.899,210.022,9,0.0,0.0,0,20,18
23558,Valtteri Bottas,90.905,233.294,46,4901.493,18.0,2,3,9
22534,Lewis Hamilton,90.945,209.915,50,5514.066999999999,25.0,1,1,1
24522,Lewis Hamilton,90.98299999999999,229.77,45,4920.613,16.0,3,1,4
24417,Lando Norris,91.081,180.788,16,0.0,0.0,0,18,19
22618,Daniel Ricciardo,91.124,183.903,56,0.0,6.0,7,8,10
22620,Carlos Sainz,91.156,183.838,62,0.0,2.0,9,9,5
23958,Lewis Hamilton,91.245,232.424,52,5252.048000000002,18.0,2,3,1
23960,Valtteri Bottas,91.37700000000001,232.08900000000003,43,5258.667,12.0,4,4,4
23961,Daniel Ricciardo,91.589,231.551,46,5259.2840000000015,10.0,5,5,6
24525,Charles Leclerc,91.611,228.195,48,0.0,8.0,6,2,2
22920,Carlos Sainz,91.671,208.253,23,6571.245,2.0,9,7,7
24520,Valtteri Bottas,91.86200000000001,227.571,49,4906.755,25.0,1,4,3
23561,Daniel Ricciardo,91.874,230.833,47,4953.385,10.0,5,6,19
24838,Valtteri Bottas,91.884,201.697,8,0.0,0.0,0,15,1
23972,Max Verstappen,92.007,230.499,42,0.0,0.0,0,6,5
21076,Daniel Ricciardo,92.01299999999999,226.65,36,0.0,0.0,0,20,23
21636,Sergio Pérez,92.208,200.091,17,0.0,0.0,0,23,8
24835,Lando Norris,92.32799999999999,200.727,40,0.0,0.0,0,17,8
24836,Alexander Albon,92.33,200.723,9,0.0,0.0,0,18,5
22131,Valtteri Bottas,92.616,206.128,56,5626.349,10.0,5,3,15
24527,Sergio Pérez,92.621,225.706,46,0.0,4.0,8,7,17
24418,Daniel Ricciardo,92.654,177.71900000000005,10,0.0,0.0,0,19,13
22919,Valtteri Bottas,92.725,205.886,51,6570.718000000002,4.0,8,14,16
20537,Lewis Hamilton,92.758,228.633,43,5079.56,18.0,2,6,4
24340,Lewis Hamilton,92.764,226.717,53,5071.198,25.0,1,2,1
24523,Alexander Albon,92.775,225.332,36,4966.292,12.0,4,8,6
24097,Lewis Hamilton,92.785,225.307,51,5237.062,25.0,1,2,1
22539,Daniel Ricciardo,92.79700000000001,205.726,46,0.0,8.0,6,10,6
23415,Lewis Hamilton,92.79799999999999,209.952,46,5640.0340000000015,18.0,2,1,2
168,Lewis Hamilton,92.817,199.398,16,5949.44,10.0,1,3,4
22542,Carlos Sainz,92.87200000000001,205.56,49,0.0,2.0,9,11,7
24098,Valtteri Bottas,93.11,224.521,46,5249.981,18.0,2,3,2
23680,Valtteri Bottas,93.14399999999999,224.439,50,5261.774,12.0,4,1,6
24100,Daniel Ricciardo,93.18700000000001,224.336,50,5256.557,12.0,4,4,15
7835,Lewis Hamilton,93.259,224.162,13,5306.915,6.0,3,6,3
24099,Max Verstappen,93.367,223.903,50,5251.357,15.0,3,6,3
574,Lewis Hamilton,93.401,198.421,29,0.0,0.0,9,3,10
24219,Charles Leclerc,93.411,208.575,38,5667.426,16.0,3,1,1
24538,Daniel Ricciardo,93.48100000000001,223.63,48,0.0,0.0,0,11,16
23418,Daniel Ricciardo,93.495,208.387,42,5672.72,10.0,5,2,4
23565,Sergio Pérez,93.504,226.80900000000003,42,0.0,2.0,9,14,6
24217,Lewis Hamilton,93.528,208.314,36,5661.295,25.0,1,2,3
24524,Carlos Sainz,93.56299999999999,223.43400000000003,46,4975.856,10.0,5,12,7
24341,Valtteri Bottas,93.586,224.725,43,5089.254,18.0,2,3,2
23679,Daniel Ricciardo,93.694,223.122,52,5260.873000000001,15.0,3,3,3
23678,Max Verstappen,93.73,223.036,51,5252.405,18.0,2,5,4
23798,Valtteri Bottas,93.74,207.842,22,5522.639,18.0,2,1,3
23677,Lewis Hamilton,93.78,222.917,43,5251.194,25.0,1,6,1
24342,Charles Leclerc,93.82799999999999,224.146,40,5090.183,15.0,3,4,3
23799,Lewis Hamilton,93.95299999999999,207.371,51,5528.451999999998,15.0,3,2,9
24103,Sergio Pérez,94.073,222.223,43,5316.441,6.0,7,9,9
23416,Valtteri Bottas,94.087,207.076,33,5653.771,15.0,3,5,1
21889,Lewis Hamilton,94.156,196.83,57,6101.638000000001,10.0,5,4,1
21866,Lewis Hamilton,94.159,225.231,51,5587.212,12.0,4,4,1
24343,Max Verstappen,94.162,223.351,38,5106.103,12.0,4,5,4
24218,Valtteri Bottas,94.209,206.808,42,5664.275,18.0,2,3,4
23923,Valtteri Bottas,94.225,223.201,41,5492.017,6.0,7,1,2
413,Lewis Hamilton,94.27,206.674,18,5609.875,8.0,2,2,2
23918,Max Verstappen,94.275,223.083,47,5418.475,18.0,2,2,4
22546,Max Verstappen,94.295,202.458,30,0.0,0.0,0,13,11
20989,Lewis Hamilton,94.302,196.526,59,5850.334,25.0,1,1,2
23658,Lewis Hamilton,94.45200000000001,211.269,48,5414.06,18.0,2,3,1
23657,Max Verstappen,94.46700000000001,211.235,50,5401.29,25.0,1,4,3
23917,Lewis Hamilton,94.509,222.531,49,5411.385,25.0,1,5,1
24114,Charles Leclerc,94.515,221.183,37,0.0,0.0,0,13,10
24345,Carlos Sainz,94.561,222.408,52,5166.66,8.0,6,6,6
23974,Carlos Sainz,94.602,224.177,25,0.0,0.0,0,17,16
23420,Sergio Pérez,94.609,205.933,39,5695.98,6.0,7,7,18
22936,Lewis Hamilton,94.677,205.785,43,5644.844,15.0,3,2,1
24242,Pierre Gasly,94.742,207.126,55,5615.656999999998,9.0,6,1,6
23683,Sergio Pérez,94.744,220.649,23,5322.618,6.0,7,10,7
24348,Lando Norris,94.754,221.955,45,0.0,2.0,9,7,5
23659,Daniel Ricciardo,94.77,210.56,55,5423.809,15.0,3,5,4
24241,Charles Leclerc,94.86,206.86900000000003,45,5557.626,10.0,5,3,4
23800,Pierre Gasly,94.863,205.382,46,5584.174,12.0,4,11,5
24238,Valtteri Bottas,94.87200000000001,206.842,38,5532.901999999999,18.0,2,4,1
7616,Lewis Hamilton,94.915,205.269,13,5530.278,5.0,4,6,5
23266,Lewis Hamilton,95.152,219.703,36,5209.109,15.0,3,2,2
20684,Lewis Hamilton,95.182,219.633,35,5466.9180000000015,10.0,5,9,8
23976,Charles Leclerc,95.209,222.747,3,0.0,0.0,0,19,9
23661,Valtteri Bottas,95.284,209.424,44,5457.311,10.0,5,6,5
24224,Pierre Gasly,95.291,204.46,42,5719.389,4.0,8,8,13
24220,Max Verstappen,95.311,204.417,47,5667.703,12.0,4,9,5
24526,Pierre Gasly,95.321,219.313,43,0.0,6.0,7,17,9
23394,Lewis Hamilton,95.37799999999999,205.745,44,5856.158,25.0,1,1,1
24658,Charles Leclerc,95.379,162.97899999999996,3,0.0,0.0,0,19,14
23920,Daniel Ricciardo,95.382,220.49400000000003,37,5446.121,12.0,4,7,5
26,Lewis Hamilton,95.462,209.033,53,5525.103,4.0,5,3,9
22939,Max Verstappen,95.504,204.004,49,5695.625,8.0,6,7,10
23269,Daniel Ricciardo,95.51100000000001,218.877,36,5237.274,8.0,6,3,4
24235,Carlos Sainz,95.586,203.829,42,0.0,0.0,0,10,7
23662,Sergio Pérez,95.591,208.751,32,5479.92,8.0,6,7,9
23924,Carlos Sainz,95.63799999999999,219.904,46,5498.569,4.0,8,9,7
24500,Lewis Hamilton,95.76100000000001,219.847,51,5618.991999999998,26.0,1,1,2
23110,Lewis Hamilton,95.771,221.44,45,5695.831,25.0,1,3,1
24222,Lando Norris,95.777,203.422,14,5707.049,8.0,6,12,9
23817,Daniel Ricciardo,95.785,204.871,55,5736.38,25.0,1,1,6
23399,Valtteri Bottas,95.849,204.734,41,5904.9659999999985,8.0,6,3,3
24078,Valtteri Bottas,95.861,219.617,50,5247.726,18.0,2,1,1
24237,Lewis Hamilton,95.89200000000001,204.642,47,5526.35,25.0,1,5,2
24077,Lewis Hamilton,95.916,219.492,50,5245.181,25.0,1,2,2
21870,Daniel Ricciardo,95.927,221.08,37,5595.999,4.0,8,11,5
23113,Daniel Ricciardo,96.01299999999999,220.882,52,5722.042,12.0,4,4,4
22937,Daniel Ricciardo,96.064,202.814,44,5677.19,12.0,4,9,5
21892,Sergio Pérez,96.134,192.78,50,6113.017,4.0,8,15,13
24240,Max Verstappen,96.14299999999999,204.108,45,5553.977,12.0,4,6,5
22792,Lewis Hamilton,96.145,217.43400000000003,33,5286.508000000002,25.0,1,1,2
24564,Charles Leclerc,96.169,206.374,44,5687.892,13.0,4,1,4
21428,Lewis Hamilton,96.17299999999999,220.515,44,5147.751,4.0,8,15,8
20968,Lewis Hamilton,96.18,220.499,39,5350.182,12.0,4,5,10
24502,Charles Leclerc,96.193,218.86,52,5624.2040000000015,15.0,3,2,1
23821,Max Verstappen,96.206,203.974,50,5756.816,10.0,5,2,5
24081,Max Verstappen,96.28299999999999,218.655,45,5276.196999999999,10.0,5,4,19
24501,Valtteri Bottas,96.316,218.58,50,5622.821,18.0,2,3,4
328,Lewis Hamilton,96.325,203.722,13,5517.403,10.0,1,1,1
24082,Daniel Ricciardo,96.345,218.514,41,5325.632,8.0,6,5,18
23265,Max Verstappen,96.38600000000001,216.89,43,5208.311,18.0,2,6,3
23111,Max Verstappen,96.40700000000001,219.979,41,5704.081,18.0,2,6,3
23402,Sergio Pérez,96.531,203.288,55,0.0,2.0,9,6,8
21116,Sergio Pérez,96.569,216.479,39,5492.804,4.0,8,2,17
20971,Sergio Pérez,96.656,219.413,35,5386.786,6.0,7,7,12
23431,Max Verstappen,96.681,201.52,4,0.0,0.0,0,16,6
24234,Daniel Ricciardo,96.697,201.487,42,0.0,0.0,0,15,10
391,Lewis Hamilton,96.70100000000001,206.355,22,5552.486999999999,8.0,2,1,4
23396,Max Verstappen,96.722,202.886,31,5901.35,15.0,3,7,16
24225,Alexander Albon,96.752,201.372,39,5723.991999999998,2.0,9,16,12
23270,Sergio Pérez,96.756,216.061,31,5260.828,6.0,7,7,5
24504,Alexander Albon,96.762,217.573,50,5657.34,10.0,5,4,0
23397,Daniel Ricciardo,96.791,202.741,36,5902.193,12.0,4,8,5
23820,Lewis Hamilton,96.87799999999999,202.55900000000003,20,5753.365,12.0,4,4,4
24503,Max Verstappen,96.93700000000001,217.18,47,5633.201999999998,12.0,4,5,9
24561,Valtteri Bottas,96.95700000000001,204.696,37,5635.653,25.0,1,2,1
23818,Valtteri Bottas,96.98700000000001,202.332,50,5745.274,18.0,2,6,3
24800,Valtteri Bottas,97.03,216.972,51,5640.364000000001,26.0,1,1,3
22942,Valtteri Bottas,97.07700000000001,200.698,37,0.0,2.0,9,15,6
22692,Lewis Hamilton,97.09299999999999,218.425,29,5487.729,25.0,1,1,1
22171,Lewis Hamilton,97.10799999999999,200.634,49,5982.743,25.0,1,2,2
22303,Lewis Hamilton,97.176,218.239,26,8812.094000000001,25.0,1,1,6
24808,Pierre Gasly,97.23100000000001,216.523,50,5730.13,2.0,9,2,9
24537,Max Verstappen,97.249,214.965,10,0.0,0.0,0,20,5
24801,Max Verstappen,97.33200000000001,216.298,53,5648.093000000002,18.0,2,3,2
23434,Valtteri Bottas,97.367,216.221,49,5288.743,25.0,1,3,3
23243,Max Verstappen,97.376,204.925,44,5835.219,18.0,2,2,3
24119,Lewis Hamilton,97.39200000000001,203.782,40,5660.985,15.0,3,1,1
23400,Carlos Sainz,97.398,201.478,30,5929.051,6.0,7,10,11
23117,Carlos Sainz,97.401,217.734,43,5781.689,4.0,8,10,7
23242,Daniel Ricciardo,97.449,204.771,44,5832.776,25.0,1,3,4
22696,Valtteri Bottas,97.51299999999999,217.484,32,5550.923000000002,10.0,5,5,4
21113,Lewis Hamilton,97.645,214.093,49,5477.695,10.0,5,9,3
21308,Lewis Hamilton,97.73299999999999,199.351,38,5769.974,4.0,8,7,2
20373,Lewis Hamilton,97.745,204.151,32,5651.883000000002,8.0,6,4,20
23825,Carlos Sainz,97.754,200.74400000000003,54,5772.143,2.0,9,11,9
21569,Lewis Hamilton,97.76,213.842,45,5382.732,10.0,5,11,9
20940,Lewis Hamilton,97.76100000000001,160.591,7,0.0,0.0,0,23,5
23701,Valtteri Bottas,97.76700000000001,203.001,54,5665.958000000001,10.0,5,2,3
22592,Lewis Hamilton,97.85700000000001,199.098,38,5705.809,25.0,1,5,1
24804,Daniel Ricciardo,97.88600000000001,215.074,53,5692.429,10.0,5,6,5
23115,Sergio Pérez,97.9,216.625,35,5772.772,8.0,6,15,10
21780,Sergio Pérez,97.913,198.984,41,5796.496,8.0,6,7,12
24505,Carlos Sainz,98.02,214.78,53,5664.8809999999985,8.0,6,6,5
23429,Carlos Sainz,98.026,198.755,8,0.0,0.0,0,18,16
24565,Alexander Albon,98.029,202.458,42,5713.691,10.0,5,3,6
24506,Sergio Pérez,98.04299999999999,214.73,49,5667.72,6.0,7,7,11
23700,Max Verstappen,98.06,202.394,39,5647.759,12.0,4,4,16
24567,Lando Norris,98.074,202.365,44,5726.417,6.0,7,4,8
24802,Lewis Hamilton,98.075,214.66,48,5663.093000000002,15.0,3,7,1
22595,Valtteri Bottas,98.095,198.615,16,5748.766,12.0,4,6,5
24083,Charles Leclerc,98.10700000000001,214.59,52,5343.571,6.0,7,9,7
23675,Carlos Sainz,98.123,203.365,27,0.0,0.0,0,19,14
24803,Sergio Pérez,98.141,214.515,52,5670.922,12.0,4,8,4
21779,Lewis Hamilton,98.204,198.395,48,5795.728,10.0,5,11,9
24563,Max Verstappen,98.214,202.077,42,5640.655,15.0,3,5,3
22800,Max Verstappen,98.23700000000001,212.803,32,5381.823,2.0,9,7,17
22796,Valtteri Bottas,98.241,212.795,41,5323.254,10.0,5,8,3
24118,Max Verstappen,98.246,202.011,45,5659.924,18.0,2,2,18
22304,Valtteri Bottas,98.264,215.822,34,8842.229,18.0,2,4,14
24507,Lando Norris,98.301,214.166,52,5676.741,4.0,8,11,7
23934,Sergio Pérez,98.319,213.907,25,0.0,0.0,0,17,13
22599,Sergio Pérez,98.338,198.124,39,0.0,4.0,8,8,11
23437,Lewis Hamilton,98.398,213.955,18,5325.063,12.0,4,6,4
22951,Carlos Sainz,98.40799999999999,197.983,22,0.0,0.0,0,18,11
23438,Max Verstappen,98.429,213.888,47,5349.1590000000015,10.0,5,8,7
24562,Lewis Hamilton,98.446,201.6,26,5639.801,18.0,2,7,5
22305,Daniel Ricciardo,98.459,215.395,34,8858.589,15.0,3,7,8
22700,Sergio Pérez,98.466,215.379,25,0.0,2.0,9,10,11
24121,Valtteri Bottas,98.47,201.551,46,5683.387,10.0,5,4,3
23259,Lewis Hamilton,98.595,202.391,31,0.0,0.0,0,7,1
24243,Daniel Ricciardo,98.632,198.957,38,0.0,6.0,7,16,7
23439,Sergio Pérez,98.661,213.385,51,5375.531,8.0,6,9,9
22705,Carlos Sainz,98.697,214.875,26,0.0,0.0,0,11,8
24244,Sergio Pérez,98.70200000000001,198.816,37,0.0,4.0,8,17,12
23697,Lewis Hamilton,98.776,200.927,48,5630.991,25.0,1,5,1
229,Lewis Hamilton,98.884,197.285,16,5737.95,8.0,2,2,2
22597,Daniel Ricciardo,98.948,196.903,53,5767.56,8.0,6,12,7
21586,Sergio Pérez,98.98299999999999,211.199,17,0.0,0.0,0,19,5
24805,Charles Leclerc,99.053,212.54,47,5702.55,8.0,6,11,10
7754,Lewis Hamilton,99.056,196.943,57,5753.647,8.0,2,4,1
7579,Lewis Hamilton,99.141,201.276,17,4312.825,1.0,7,11,12
20513,Lewis Hamilton,99.156,196.74400000000003,56,6034.613,18.0,2,4,3
23246,Valtteri Bottas,99.199,201.159,53,5894.358,10.0,5,9,11
21739,Sergio Pérez,99.199,201.159,56,6009.038000000001,2.0,9,1,9
22174,Daniel Ricciardo,99.26899999999999,196.266,38,6007.232,12.0,4,4,13
24601,Lewis Hamilton,99.28299999999999,201.387,53,5645.715,26.0,1,1,1
22173,Sergio Pérez,99.32,196.165,36,6006.81,15.0,3,7,4
23247,Sergio Pérez,99.32799999999999,200.898,51,5896.57,8.0,6,11,7
22609,Max Verstappen,99.60700000000001,195.6,32,0.0,0.0,0,16,15
21661,Lewis Hamilton,99.709,199.047,55,5755.269,25.0,1,5,2
24604,Valtteri Bottas,99.715,200.515,31,5690.094,12.0,4,2,20
22178,Valtteri Bottas,99.762,195.296,50,6014.6190000000015,4.0,8,13,3
21442,Sergio Pérez,99.781,212.541,3,0.0,0.0,0,22,15
24123,Carlos Sainz,99.85799999999999,198.75,45,5753.637,6.0,7,11,11
22706,Daniel Ricciardo,99.94,212.203,14,0.0,0.0,0,13,10
21755,Lewis Hamilton,99.98100000000001,196.273,50,5799.267,15.0,3,6,1
24124,Sergio Pérez,99.992,198.483,45,5759.723000000001,4.0,8,13,10
23714,Daniel Ricciardo,100.102,198.265,14,0.0,0.0,0,9,4
21759,Daniel Ricciardo,100.24,195.766,55,5829.636,6.0,7,9,7
22979,Lewis Hamilton,100.266,209.969,36,5587.019,18.0,2,4,10
16084,Lewis Hamilton,100.367,199.212,16,0.0,0.0,0,3,1
22963,Max Verstappen,100.399,195.456,41,6013.1590000000015,4.0,8,5,9
20822,Lewis Hamilton,100.415,195.424,48,5818.226,25.0,1,2,3
24132,Daniel Ricciardo,100.433,197.612,49,0.0,0.0,0,15,4
24603,Charles Leclerc,100.442,199.064,44,5689.15,15.0,3,4,3
21134,Lewis Hamilton,100.459,201.216,54,5894.013000000001,18.0,2,3,1
23703,Carlos Sainz,100.462,197.555,43,5723.935,6.0,7,12,7
22090,Valtteri Bottas,100.492,197.496,54,6011.656999999998,4.0,8,3,9
24131,Charles Leclerc,100.522,197.437,12,0.0,0.0,0,16,9
21279,Lewis Hamilton,100.53,195.201,40,5812.941,15.0,3,6,7
24566,Daniel Ricciardo,100.564,197.354,28,5726.019,8.0,6,14,9
22812,Lewis Hamilton,100.573,209.328,44,5831.024,25.0,1,3,2
23757,Valtteri Bottas,100.65,198.652,52,5654.062,25.0,1,1,1
22610,Carlos Sainz,100.651,193.571,13,0.0,0.0,0,17,9
22962,Lewis Hamilton,100.662,194.945,32,6012.121,6.0,7,10,22
22831,Lewis Hamilton,100.738,197.014,48,6652.703,25.0,1,2,2
22086,Lewis Hamilton,100.818,196.857,50,5984.5059999999985,12.0,4,5,5
24568,Carlos Sainz,100.844,196.806,44,0.0,4.0,8,15,7
23704,Sergio Pérez,100.851,196.793,14,0.0,4.0,8,14,9
22459,Valtteri Bottas,100.896,208.658,53,5528.169,15.0,3,1,3
24181,Valtteri Bottas,100.95299999999999,198.056,42,6028.339,10.0,5,2,2
21733,Lewis Hamilton,101.001,197.57,32,5948.861999999999,15.0,3,10,4
22959,Daniel Ricciardo,101.015,194.264,55,5986.5790000000015,12.0,4,11,2
21254,Sergio Pérez,101.021,197.531,54,9894.075,18.0,2,3,9
24602,Max Verstappen,101.119,197.731,55,5662.486999999999,18.0,2,5,2
22981,Valtteri Bottas,101.159,208.115,37,5612.214,12.0,4,6,2
22193,Lewis Hamilton,101.196,193.916,42,5608.338000000002,25.0,1,2,1
22036,Lewis Hamilton,101.20200000000001,206.569,3,0.0,0.0,0,20,3
24180,Daniel Ricciardo,101.249,197.477,35,5995.761,12.0,4,3,5
20753,Lewis Hamilton,101.274,197.428,47,5986.999,18.0,2,1,2
24518,Daniel Ricciardo,101.284,207.859,22,0.0,0.0,0,17,10
24182,Carlos Sainz,101.351,197.278,54,6052.93,8.0,6,4,11
24177,Lewis Hamilton,101.35700000000001,197.267,53,5980.382,25.0,1,5,1
23758,Lewis Hamilton,101.473,197.041,51,5657.960999999998,18.0,2,3,2
22196,Daniel Ricciardo,101.473,193.387,39,5635.474,12.0,4,3,2
22964,Carlos Sainz,101.485,193.364,35,6018.018,2.0,9,12,8
20805,Lewis Hamilton,101.512,196.575,54,5929.789000000002,4.0,8,5,2
21255,Lewis Hamilton,101.539,196.523,50,9906.403,15.0,3,6,1
22457,Lewis Hamilton,101.60600000000001,207.2,48,5510.7440000000015,25.0,1,3,1
22814,Sergio Pérez,101.772,206.862,48,5859.941999999999,15.0,3,9,7
22089,Sergio Pérez,101.83,194.901,47,6003.84,6.0,7,15,7
22986,Sergio Pérez,101.897,206.608,47,0.0,2.0,9,10,6
24179,Max Verstappen,101.909,196.198,51,5993.088000000002,15.0,3,6,6
22478,Lewis Hamilton,101.929,194.712,49,6004.785,25.0,1,4,2
23761,Max Verstappen,102.028,195.969,43,5700.331,10.0,5,5,6
22996,Max Verstappen,102.029,206.341,32,0.0,0.0,0,13,9
20393,Lewis Hamilton,102.061,192.273,13,6403.693,18.0,2,1,6
22572,Lewis Hamilton,102.208,191.996,31,5982.008000000002,25.0,1,1,1
24606,Alexander Albon,102.219,195.603,49,5714.92,8.0,6,8,5
22201,Sergio Pérez,102.228,191.959,32,5690.985,2.0,9,6,16
22826,Carlos Sainz,102.258,205.879,44,0.0,0.0,0,11,20
23450,Daniel Ricciardo,102.285,205.824,4,0.0,0.0,0,17,5
23286,Lewis Hamilton,102.38600000000001,193.842,45,5892.618,25.0,1,4,1
23305,Max Verstappen,102.42399999999999,193.77,28,0.0,0.0,0,5,4
22482,Valtteri Bottas,102.505,193.617,55,6035.776999999999,10.0,5,6,3
21999,Lewis Hamilton,102.539,197.134,53,6218.956,10.0,5,5,2
23288,Daniel Ricciardo,102.555,193.523,51,5912.31,15.0,3,7,3
24607,Sergio Pérez,102.639,194.803,39,0.0,6.0,7,11,10
22838,Carlos Sainz,102.66,193.325,51,6683.321999999999,6.0,7,5,20
22199,Valtteri Bottas,102.66,191.151,52,5664.035,6.0,7,11,7
23763,Sergio Pérez,102.689,194.708,52,5746.124,6.0,7,11,8
23776,Daniel Ricciardo,102.757,194.579,13,0.0,0.0,0,12,4
24184,Sergio Pérez,102.816,194.467,53,6071.656999999998,4.0,8,8,14
22480,Daniel Ricciardo,102.831,193.004,33,6030.345,15.0,3,7,5
23291,Carlos Sainz,102.83200000000001,193.002,33,5988.741999999998,8.0,6,8,10
24183,Charles Leclerc,102.876,194.354,54,6071.1709999999985,6.0,7,10,8
24057,Lewis Hamilton,102.913,177.108,56,6671.611,25.0,1,2,1
20944,Lewis Hamilton,102.947,189.499,47,6022.359,12.0,4,6,3
24261,Charles Leclerc,103.009,209.795,50,5582.049,11.0,5,1,8
22836,Sergio Pérez,103.01,192.668,54,6677.116,10.0,5,7,5
24608,Lando Norris,103.026,194.071,50,0.0,4.0,8,12,6
22463,Daniel Ricciardo,103.05,204.296,50,5572.556,6.0,7,13,6
22577,Valtteri Bottas,103.051,190.426,37,5991.893,8.0,6,7,5
22149,Lewis Hamilton,103.066,193.611,53,6025.974,25.0,1,1,1
24062,Daniel Ricciardo,103.12,176.753,59,6725.593000000002,8.0,6,3,6
22553,Lewis Hamilton,103.125,193.501,45,6074.361999999999,18.0,2,2,1
716,Lewis Hamilton,103.131,190.278,22,0.0,0.0,0,19,1
21597,Daniel Ricciardo,103.148,195.97,45,5860.438,2.0,9,12,21
22835,Max Verstappen,103.17200000000001,192.366,51,6675.062,12.0,4,9,8
22580,Daniel Ricciardo,103.245,190.068,46,6014.125,2.0,9,9,7
20818,Sergio Pérez,103.29799999999999,193.177,19,0.0,0.0,0,15,16
24058,Max Verstappen,103.345,176.368,54,6680.571999999999,18.0,2,5,2
23775,Carlos Sainz,103.37799999999999,193.41,26,0.0,0.0,0,14,12
21181,Lewis Hamilton,103.461,193.255,51,5831.886,25.0,1,3,2
23518,Lewis Hamilton,103.469,208.862,46,7441.760999999998,10.0,5,2,1
21405,Sergio Pérez,103.526,188.439,43,6284.426,2.0,9,4,15
24484,Valtteri Bottas,103.534,176.046,58,7119.786,10.0,5,2,5
23293,Sergio Pérez,103.925,190.972,33,0.0,4.0,8,12,11
23515,Valtteri Bottas,103.925,207.946,51,7439.477,18.0,2,3,2
24192,Pierre Gasly,103.988,192.276,42,0.0,0.0,0,15,17
24257,Valtteri Bottas,104.024,207.748,50,5512.941999999999,25.0,1,2,1
24095,Pierre Gasly,104.071,202.292,3,0.0,0.0,0,19,17
22556,Valtteri Bottas,104.088,191.71,42,6136.201999999998,10.0,5,6,8
24258,Lewis Hamilton,104.166,207.465,48,5514.4659999999985,18.0,2,3,2
22517,Daniel Ricciardo,104.496,191.341,50,5979.856,24.0,4,1,20
22893,Lewis Hamilton,104.51700000000001,191.302,44,5918.446,18.0,2,1,2
22558,Max Verstappen,104.579,190.81,42,6163.555,6.0,7,9,6
22164,Daniel Ricciardo,104.675,190.635,48,0.0,0.0,0,5,5
24060,Valtteri Bottas,104.72,174.05200000000005,42,6723.541,12.0,4,8,4
24481,Charles Leclerc,104.723,174.047,59,7116.308000000001,18.0,2,4,1
24260,Max Verstappen,104.794,206.221,39,5530.435,12.0,4,5,4
23514,Daniel Ricciardo,104.882,206.048,46,7435.573,25.0,1,4,10
23356,Daniel Ricciardo,104.889,190.624,29,5889.328,10.0,5,3,3
24483,Lewis Hamilton,104.914,173.73,58,7118.275,12.0,4,7,2
23637,Lewis Hamilton,105.008,173.643,55,7403.544,25.0,1,1,5
23352,Lewis Hamilton,105.137,190.174,37,5884.013000000001,25.0,1,5,1
23850,Valtteri Bottas,105.149,205.525,37,0.0,0.0,0,1,3
24482,Max Verstappen,105.176,173.298,56,7117.488,15.0,3,8,4
23355,Max Verstappen,105.18700000000001,190.084,36,5885.698,12.0,4,7,6
24065,Charles Leclerc,105.20299999999999,173.253,57,0.0,2.0,9,11,13
24064,Carlos Sainz,105.211,173.24,50,0.0,4.0,8,12,12
23359,Sergio Pérez,105.249,189.972,30,5942.789000000002,4.0,8,8,8
24485,Alexander Albon,105.26,173.15900000000005,59,7125.33,8.0,6,9,6
23638,Daniel Ricciardo,105.301,173.16,57,7408.050999999998,18.0,2,2,3
24264,Lando Norris,105.39399999999999,205.047,43,5613.21,4.0,8,6,7
23639,Valtteri Bottas,105.405,172.989,54,7412.344,15.0,3,3,6
23837,Lewis Hamilton,105.412,205.012,35,6224.291,25.0,1,2,2
23853,Daniel Ricciardo,105.419,204.999,34,0.0,0.0,0,3,4
22069,Sergio Pérez,105.435,189.637,51,5977.304,2.0,9,8,8
22067,Lewis Hamilton,105.463,189.586,47,5965.373000000001,6.0,7,10,4
22156,Valtteri Bottas,105.475,189.189,31,6111.511,4.0,8,9,18
22559,Carlos Sainz,105.507,189.132,37,0.0,4.0,8,15,15
24262,Sergio Pérez,105.524,204.795,49,5589.358,8.0,6,7,5
23528,Sergio Pérez,105.588,204.67,37,0.0,0.0,0,8,6
22514,Lewis Hamilton,105.599,189.342,49,5942.6190000000015,50.0,1,4,2
24273,Pierre Gasly,105.712,204.43,34,0.0,0.0,0,8,0
24486,Lando Norris,105.716,172.412,58,7128.436,6.0,7,11,9
22516,Valtteri Bottas,105.727,189.113,54,5971.499,30.0,3,6,3
24487,Pierre Gasly,105.76899999999999,172.326,58,7129.214,4.0,8,13,11
23852,Max Verstappen,105.771,204.316,31,0.0,0.0,0,5,5
24263,Carlos Sainz,105.807,204.247,43,5596.768,6.0,7,10,9
22520,Sergio Pérez,105.808,188.968,49,6013.679,12.0,7,8,11
23521,Carlos Sainz,105.866,204.133,46,7484.973000000001,4.0,8,10,15
22896,Sergio Pérez,105.89200000000001,188.818,30,5974.127,10.0,5,8,4
290,Lewis Hamilton,106.072,171.96900000000005,14,7042.221,6.0,3,4,2
23839,Sergio Pérez,106.206,203.48,51,6228.315,15.0,3,6,8
24020,Valtteri Bottas,106.286,237.231,32,5078.081,12.0,4,1,19
22897,Daniel Ricciardo,106.305,188.085,46,5975.185,8.0,6,9,5
23531,Max Verstappen,106.398,203.112,10,0.0,0.0,0,12,5
24442,Valtteri Bottas,106.465,236.832,27,5038.295,15.0,3,2,4
23640,Carlos Sainz,106.537,171.15099999999995,52,7426.366,12.0,4,4,10
24441,Lewis Hamilton,106.58,236.577,24,5026.691,18.0,2,3,3
23369,Carlos Sainz,106.591,187.58,30,0.0,0.0,0,18,21
23597,Lewis Hamilton,106.603,236.526,35,5082.82,25.0,1,2,1
24440,Charles Leclerc,106.664,236.39,23,5025.71,25.0,1,4,1
24498,Sergio Pérez,106.683,170.85,15,0.0,0.0,0,17,15
24018,Lewis Hamilton,106.721,236.264,23,5025.537,18.0,2,3,1
23641,Sergio Pérez,106.73100000000001,170.84,52,7428.903,10.0,5,7,12
24276,Daniel Ricciardo,106.76700000000001,202.41,29,0.0,0.0,0,15,10
23070,Lewis Hamilton,106.822,202.306,42,5628.701,10.0,5,2,10
23841,Carlos Sainz,106.85600000000001,202.242,50,6231.806,10.0,5,9,9
24019,Max Verstappen,106.946,235.767,36,5045.848,15.0,3,4,7
23073,Max Verstappen,106.973,202.021,50,5643.062,4.0,8,3,9
23068,Sergio Pérez,106.99,201.988,45,5597.607,15.0,3,4,7
23221,Daniel Ricciardo,107.18700000000001,170.113,49,6949.438,18.0,2,1,2
21657,Lewis Hamilton,107.266,186.4,19,0.0,0.0,0,16,1
23842,Charles Leclerc,107.403,201.212,31,6233.449000000001,8.0,6,11,13
24743,Daniel Ricciardo,107.48299999999999,234.58900000000003,44,5067.638,13.0,4,1,4
24444,Alexander Albon,107.507,234.537,41,5107.035,10.0,5,5,17
23599,Daniel Ricciardo,107.54899999999999,234.445,44,5093.611,15.0,3,3,6
23071,Valtteri Bottas,107.604,200.836,50,5633.252,8.0,6,9,8
23601,Valtteri Bottas,107.721,234.071,37,5099.276,10.0,5,4,3
23072,Daniel Ricciardo,107.736,200.59,51,5641.595,6.0,7,12,2
23222,Lewis Hamilton,107.752,169.22099999999998,52,6956.988,15.0,3,3,3
24740,Lewis Hamilton,107.758,233.99,28,5048.761,25.0,1,2,1
23372,Valtteri Bottas,107.837,185.413,4,0.0,0.0,0,19,11
24747,Pierre Gasly,107.839,233.815,29,5096.132000000001,4.0,8,3,12
24741,Valtteri Bottas,107.98299999999999,233.503,27,5057.209,18.0,2,5,2
24021,Sergio Pérez,108.08,233.293,38,5085.499,10.0,5,7,4
250,Lewis Hamilton,108.135,233.175,20,4989.933,6.0,3,2,1
657,Lewis Hamilton,108.215,233.002,41,4862.681,5.0,4,4,4
21201,Daniel Ricciardo,108.274,184.664,35,0.0,0.0,0,21,20
24742,Max Verstappen,108.305,232.80900000000003,27,5064.2159999999985,15.0,3,8,3
7813,Lewis Hamilton,108.345,168.56099999999995,36,6966.337,10.0,1,2,1
24746,Lando Norris,108.552,232.279,39,5092.535,6.0,7,11,10
24025,Pierre Gasly,108.588,232.202,36,5120.368,2.0,9,9,10
24745,Alexander Albon,108.736,231.886,27,5091.473,8.0,6,12,5
24445,Sergio Pérez,108.781,231.79,29,5110.1579999999985,8.0,6,13,7
23086,Carlos Sainz,108.804,198.621,31,0.0,0.0,0,16,18
23225,Max Verstappen,109.05,167.207,46,7020.147,8.0,6,5,4
20608,Lewis Hamilton,109.069,231.178,32,5344.268,25.0,1,1,2
24032,Daniel Ricciardo,109.242,230.812,27,0.0,0.0,0,15,8
24448,Pierre Gasly,109.7,229.848,21,5134.878,2.0,9,17,13
21977,Lewis Hamilton,109.916,165.89,59,7206.291,10.0,5,4,5
22145,Lewis Hamilton,109.947,173.636,2,0.0,0.0,0,20,1
22773,Daniel Ricciardo,110.041,165.701,52,7283.596,18.0,2,1,2
22779,Max Verstappen,110.29799999999999,165.315,43,7333.568,4.0,8,4,8
22780,Carlos Sainz,110.401,165.16099999999997,43,7334.978,2.0,9,6,14
22413,Lewis Hamilton,110.417,165.137,39,7204.795,25.0,1,1,1
20705,Lewis Hamilton,110.43,183.048,42,10115.809,18.0,2,3,4
20674,Lewis Hamilton,110.75,164.90099999999995,31,0.0,0.0,0,10,3
21089,Lewis Hamilton,110.83200000000001,164.77900000000002,54,7214.523,10.0,5,4,4
23615,Max Verstappen,111.022,227.111,5,0.0,0.0,0,18,5
22776,Valtteri Bottas,111.34200000000001,163.765,49,7316.321999999999,10.0,5,10,7
23239,Valtteri Bottas,111.368,163.727,17,0.0,0.0,0,13,10
23227,Sergio Pérez,111.51700000000001,163.50799999999995,34,7060.012,4.0,8,15,17
23178,Lewis Hamilton,111.583,225.969,40,6318.691999999999,15.0,3,1,21
21931,Lewis Hamilton,111.596,225.943,39,5049.93,15.0,3,7,1
22435,Lewis Hamilton,111.6,187.322,39,6703.021,25.0,1,1,2
21980,Sergio Pérez,111.926,162.911,46,7236.951999999998,4.0,8,16,14
22778,Sergio Pérez,111.97,162.847,44,7332.9540000000015,6.0,7,12,13
22419,Sergio Pérez,112.007,162.793,46,7263.833,6.0,7,5,15
22438,Daniel Ricciardo,112.23100000000001,186.269,38,6741.839,12.0,4,4,6
23177,Daniel Ricciardo,112.461,224.205,11,6305.1709999999985,18.0,2,4,5
22732,Lewis Hamilton,112.504,224.12,34,5020.387,25.0,1,2,1
22789,Lewis Hamilton,112.505,162.072,24,0.0,0.0,0,14,5
22415,Daniel Ricciardo,112.569,161.98,30,7219.068,15.0,3,9,3
22371,Valtteri Bottas,112.716,223.698,40,5104.588,15.0,3,4,6
22369,Daniel Ricciardo,112.974,223.187,44,5076.556,25.0,1,6,5
21994,Daniel Ricciardo,113.052,161.28799999999995,23,0.0,0.0,0,22,9
22739,Max Verstappen,113.276,222.592,36,5076.463,4.0,8,4,18
23180,Sergio Pérez,113.414,222.321,34,6331.718000000002,10.0,5,8,6
22387,Lewis Hamilton,113.70700000000001,221.748,33,0.0,0.0,0,10,2
22440,Valtteri Bottas,114.103,183.213,41,6816.794,8.0,6,13,3
23183,Valtteri Bottas,114.12,220.946,31,6351.209,4.0,8,12,8
21056,Sergio Pérez,114.244,220.706,26,0.0,0.0,0,16,9
21549,Daniel Ricciardo,114.26700000000001,159.825,53,7271.964,2.0,9,15,15
22376,Sergio Pérez,114.53200000000001,220.151,28,5140.849,4.0,8,16,13
21501,Daniel Ricciardo,114.605,220.011,42,5411.512,2.0,9,12,16
22740,Valtteri Bottas,114.646,219.932,23,5081.427,2.0,9,10,3
7598,Lewis Hamilton,114.665,171.138,39,7135.351,3.0,6,12,9
22748,Carlos Sainz,114.68,219.867,25,0.0,0.0,0,11,10
22736,Sergio Pérez,114.796,219.645,29,5074.384,10.0,5,13,4
21564,Lewis Hamilton,115.541,158.063,14,0.0,0.0,0,19,1
21058,Lewis Hamilton,115.647,218.029,8,0.0,0.0,0,18,2
22749,Daniel Ricciardo,116.26299999999999,216.873,2,0.0,0.0,0,16,5
20322,Lewis Hamilton,119.56,189.665,42,5983.578,15.0,3,4,4
21057,Daniel Ricciardo,119.831,210.416,10,0.0,0.0,0,23,23
24797,Carlos Sainz,134.10299999999998,140.80200000000005,5,0.0,0.0,0,18,9
22707,Max Verstappen,140.776,150.64700000000005,3,0.0,0.0,0,16,13
22850,Valtteri Bottas,151.939,130.623,3,0.0,0.0,0,19,16
