driverId,Win or Lost,counts,per,per100
1,lost,170,0.648854961832061,64.9
1,win,92,0.3511450381679389,35.1
2,lost,184,1.0,100.0
3,lost,183,0.8883495145631068,88.8
3,win,23,0.11165048543689321,11.2
4,lost,282,0.8980891719745223,89.8
4,win,32,0.10191082802547771,10.2
5,lost,111,0.9910714285714286,99.1
5,win,1,0.008928571428571428,0.9
6,lost,36,1.0,100.0
7,lost,27,1.0,100.0
8,lost,306,0.9357798165137615,93.6
8,win,21,0.06422018348623854,6.4
9,lost,96,0.9896907216494846,99.0
9,win,1,0.010309278350515464,1.0
10,lost,95,1.0,100.0
11,lost,91,1.0,100.0
12,lost,28,1.0,100.0
13,lost,260,0.959409594095941,95.9
13,win,11,0.04059040590405904,4.1
14,lost,234,0.9473684210526315,94.7
14,win,13,0.05263157894736842,5.3
15,lost,255,0.99609375,99.6
15,win,1,0.00390625,0.4
16,lost,128,1.0,100.0
17,lost,208,0.9585253456221198,95.9
17,win,9,0.041474654377880185,4.1
18,lost,294,0.9514563106796117,95.1
18,win,15,0.04854368932038835,4.9
19,lost,24,1.0,100.0
20,lost,200,0.7905138339920948,79.1
20,win,53,0.20948616600790515,20.9
21,lost,228,0.987012987012987,98.7
21,win,3,0.012987012987012988,1.3
22,lost,315,0.9662576687116564,96.6
22,win,11,0.03374233128834356,3.4
23,lost,174,0.9666666666666667,96.7
23,win,6,0.03333333333333333,3.3
24,lost,81,1.0,100.0
25,lost,69,1.0,100.0
26,lost,28,1.0,100.0
27,lost,46,1.0,100.0
28,lost,1,1.0,100.0
29,lost,21,1.0,100.0
30,lost,217,0.7045454545454546,70.5
30,win,91,0.29545454545454547,29.5
31,lost,88,0.9263157894736842,92.6
31,win,7,0.07368421052631578,7.4
32,lost,51,1.0,100.0
33,lost,37,1.0,100.0
34,lost,4,1.0,100.0
35,lost,154,0.9333333333333333,93.3
35,win,11,0.06666666666666667,6.7
36,lost,7,1.0,100.0
37,lost,107,1.0,100.0
38,lost,11,1.0,100.0
39,lost,48,1.0,100.0
40,lost,11,1.0,100.0
41,lost,38,1.0,100.0
42,lost,20,1.0,100.0
43,lost,28,1.0,100.0
44,lost,157,0.9936708860759493,99.4
44,win,1,0.006329113924050633,0.6
45,lost,14,1.0,100.0
46,lost,18,1.0,100.0
47,lost,20,1.0,100.0
48,lost,36,1.0,100.0
49,lost,156,0.9811320754716981,98.1
49,win,3,0.018867924528301886,1.9
50,lost,107,1.0,100.0
51,lost,16,1.0,100.0
52,lost,14,1.0,100.0
53,lost,5,1.0,100.0
54,lost,15,1.0,100.0
55,lost,201,0.995049504950495,99.5
55,win,1,0.0049504950495049506,0.5
56,lost,143,0.9727891156462585,97.3
56,win,4,0.027210884353741496,2.7
57,lost,145,0.8787878787878788,87.9
57,win,20,0.12121212121212122,12.1
58,lost,26,1.0,100.0
59,lost,29,1.0,100.0
60,lost,21,1.0,100.0
61,lost,3,1.0,100.0
62,lost,16,1.0,100.0
63,lost,111,1.0,100.0
64,lost,99,1.0,100.0
65,lost,162,0.9818181818181818,98.2
65,win,3,0.01818181818181818,1.8
66,lost,17,1.0,100.0
67,lost,55,1.0,100.0
68,lost,32,1.0,100.0
69,lost,58,1.0,100.0
70,lost,44,1.0,100.0
71,lost,100,0.819672131147541,82.0
71,win,22,0.18032786885245902,18.0
72,lost,1,1.0,100.0
73,lost,30,1.0,100.0
74,lost,16,1.0,100.0
75,lost,33,1.0,100.0
76,lost,25,1.0,100.0
77,lost,200,0.9523809523809523,95.2
77,win,10,0.047619047619047616,4.8
78,lost,75,1.0,100.0
79,lost,97,1.0,100.0
80,lost,1,1.0,100.0
81,lost,70,1.0,100.0
82,lost,4,1.0,100.0
83,lost,32,1.0,100.0
84,lost,165,1.0,100.0
85,lost,28,1.0,100.0
86,lost,10,1.0,100.0
87,lost,63,1.0,100.0
88,lost,88,1.0,100.0
89,lost,18,1.0,100.0
90,lost,74,1.0,100.0
91,lost,42,1.0,100.0
92,lost,84,1.0,100.0
93,lost,7,1.0,100.0
94,lost,123,1.0,100.0
95,lost,161,0.8385416666666666,83.9
95,win,31,0.16145833333333334,16.1
96,lost,11,1.0,100.0
97,lost,7,1.0,100.0
98,lost,3,1.0,100.0
99,lost,78,1.0,100.0
100,lost,63,1.0,100.0
101,lost,30,1.0,100.0
102,lost,121,0.7469135802469136,74.7
102,win,41,0.25308641975308643,25.3
103,lost,47,1.0,100.0
104,lost,43,1.0,100.0
105,lost,210,0.9767441860465116,97.7
105,win,5,0.023255813953488372,2.3
106,lost,10,1.0,100.0
107,lost,3,1.0,100.0
108,lost,27,1.0,100.0
109,lost,70,1.0,100.0
110,lost,214,1.0,100.0
111,lost,9,1.0,100.0
112,lost,115,1.0,100.0
113,lost,2,1.0,100.0
114,lost,50,1.0,100.0
115,lost,3,1.0,100.0
116,lost,2,1.0,100.0
117,lost,151,0.7475247524752475,74.8
117,win,51,0.2524752475247525,25.2
118,lost,162,1.0,100.0
119,lost,251,0.9766536964980544,97.7
119,win,6,0.023346303501945526,2.3
120,lost,20,1.0,100.0
121,lost,13,1.0,100.0
122,lost,98,1.0,100.0
123,lost,161,0.9817073170731707,98.2
123,win,3,0.018292682926829267,1.8
124,lost,1,1.0,100.0
125,lost,6,1.0,100.0
126,lost,2,1.0,100.0
127,lost,80,1.0,100.0
128,lost,29,1.0,100.0
129,lost,62,1.0,100.0
130,lost,10,1.0,100.0
131,lost,81,1.0,100.0
132,lost,3,1.0,100.0
133,lost,75,1.0,100.0
134,lost,6,1.0,100.0
135,lost,7,1.0,100.0
136,lost,41,1.0,100.0
137,lost,184,0.8888888888888888,88.9
137,win,23,0.1111111111111111,11.1
138,lost,80,1.0,100.0
139,lost,40,1.0,100.0
140,lost,103,1.0,100.0
141,lost,20,1.0,100.0
142,lost,13,1.0,100.0
143,lost,4,1.0,100.0
144,lost,2,1.0,100.0
145,lost,76,0.987012987012987,98.7
145,win,1,0.012987012987012988,1.3
146,lost,32,1.0,100.0
147,lost,15,1.0,100.0
148,lost,22,1.0,100.0
149,lost,14,1.0,100.0
150,lost,2,1.0,100.0
151,lost,15,1.0,100.0
152,lost,82,1.0,100.0
153,lost,46,1.0,100.0
154,lost,178,1.0,100.0
155,lost,76,1.0,100.0
156,lost,88,1.0,100.0
157,lost,47,1.0,100.0
158,lost,143,1.0,100.0
159,lost,32,1.0,100.0
160,lost,111,1.0,100.0
161,lost,10,1.0,100.0
162,lost,17,1.0,100.0
163,lost,157,0.9573170731707317,95.7
163,win,7,0.042682926829268296,4.3
164,lost,7,1.0,100.0
165,lost,21,1.0,100.0
166,lost,54,1.0,100.0
167,lost,21,1.0,100.0
168,lost,2,1.0,100.0
169,lost,12,1.0,100.0
170,lost,71,1.0,100.0
171,lost,2,1.0,100.0
172,lost,174,0.9666666666666667,96.7
172,win,6,0.03333333333333333,3.3
173,lost,108,0.9818181818181818,98.2
173,win,2,0.01818181818181818,1.8
174,lost,16,1.0,100.0
175,lost,120,0.9836065573770492,98.4
175,win,2,0.01639344262295082,1.6
176,lost,88,1.0,100.0
177,lost,123,0.9609375,96.1
177,win,5,0.0390625,3.9
178,lost,105,0.8974358974358975,89.7
178,win,12,0.10256410256410256,10.3
179,lost,28,1.0,100.0
180,lost,9,1.0,100.0
181,lost,55,1.0,100.0
182,lost,149,0.8563218390804598,85.6
182,win,25,0.14367816091954022,14.4
183,lost,20,1.0,100.0
184,lost,41,1.0,100.0
185,lost,22,1.0,100.0
186,lost,9,1.0,100.0
187,lost,149,0.9675324675324676,96.8
187,win,5,0.032467532467532464,3.2
188,lost,23,1.0,100.0
189,lost,8,1.0,100.0
190,lost,18,1.0,100.0
191,lost,5,1.0,100.0
192,lost,32,1.0,100.0
193,lost,15,1.0,100.0
194,lost,37,1.0,100.0
195,lost,29,1.0,100.0
196,lost,30,1.0,100.0
197,lost,143,1.0,100.0
198,lost,3,1.0,100.0
199,lost,134,0.9178082191780822,91.8
199,win,12,0.0821917808219178,8.2
200,lost,113,0.9912280701754386,99.1
200,win,1,0.008771929824561403,0.9
201,lost,15,1.0,100.0
202,lost,69,0.9583333333333334,95.8
202,win,3,0.041666666666666664,4.2
203,lost,62,0.9117647058823529,91.2
203,win,6,0.08823529411764706,8.8
204,lost,8,1.0,100.0
205,lost,37,1.0,100.0
206,lost,64,1.0,100.0
207,lost,117,0.9069767441860465,90.7
207,win,12,0.09302325581395349,9.3
208,lost,14,1.0,100.0
209,lost,12,1.0,100.0
210,lost,5,1.0,100.0
211,lost,37,1.0,100.0
212,lost,58,1.0,100.0
213,lost,17,1.0,100.0
214,lost,2,1.0,100.0
215,lost,4,1.0,100.0
216,lost,13,1.0,100.0
217,lost,11,1.0,100.0
218,lost,1,1.0,100.0
219,lost,53,0.9636363636363636,96.4
219,win,2,0.03636363636363636,3.6
220,lost,2,1.0,100.0
221,lost,93,0.9789473684210527,97.9
221,win,2,0.021052631578947368,2.1
222,lost,103,0.911504424778761,91.2
222,win,10,0.08849557522123894,8.8
223,lost,133,0.9637681159420289,96.4
223,win,5,0.036231884057971016,3.6
224,lost,135,0.9060402684563759,90.6
224,win,14,0.09395973154362416,9.4
225,lost,7,1.0,100.0
226,lost,1,1.0,100.0
227,lost,2,1.0,100.0
228,lost,1,1.0,100.0
229,lost,29,1.0,100.0
230,lost,78,1.0,100.0
231,lost,83,0.8924731182795699,89.2
231,win,10,0.10752688172043011,10.8
232,lost,84,1.0,100.0
233,lost,81,1.0,100.0
234,lost,3,1.0,100.0
235,lost,112,0.9256198347107438,92.6
235,win,9,0.0743801652892562,7.4
236,lost,5,1.0,100.0
237,lost,20,1.0,100.0
238,lost,112,0.9105691056910569,91.1
238,win,11,0.08943089430894309,8.9
239,lost,42,1.0,100.0
240,lost,6,1.0,100.0
241,lost,5,1.0,100.0
242,lost,3,1.0,100.0
243,lost,61,1.0,100.0
244,lost,3,1.0,100.0
245,lost,6,1.0,100.0
246,lost,15,1.0,100.0
247,lost,5,1.0,100.0
248,lost,1,1.0,100.0
249,lost,2,1.0,100.0
250,lost,72,0.9863013698630136,98.6
250,win,1,0.0136986301369863,1.4
251,lost,20,1.0,100.0
252,lost,42,1.0,100.0
253,lost,6,1.0,100.0
254,lost,7,1.0,100.0
255,lost,31,0.96875,96.9
255,win,1,0.03125,3.1
256,lost,15,1.0,100.0
257,lost,7,1.0,100.0
258,lost,13,1.0,100.0
259,lost,11,1.0,100.0
260,lost,5,1.0,100.0
261,lost,1,1.0,100.0
262,lost,51,1.0,100.0
263,lost,2,1.0,100.0
264,lost,1,1.0,100.0
265,lost,16,1.0,100.0
266,lost,1,1.0,100.0
267,lost,12,1.0,100.0
268,lost,1,1.0,100.0
269,lost,4,1.0,100.0
270,lost,11,1.0,100.0
271,lost,6,1.0,100.0
272,lost,1,1.0,100.0
273,lost,2,1.0,100.0
274,lost,2,1.0,100.0
275,lost,17,1.0,100.0
276,lost,12,1.0,100.0
277,lost,8,1.0,100.0
278,lost,106,1.0,100.0
279,lost,1,1.0,100.0
280,lost,59,1.0,100.0
281,lost,1,1.0,100.0
282,lost,2,1.0,100.0
283,lost,8,1.0,100.0
284,lost,4,1.0,100.0
285,lost,3,1.0,100.0
286,lost,1,1.0,100.0
287,lost,1,1.0,100.0
288,lost,15,1.0,100.0
289,lost,165,0.9217877094972067,92.2
289,win,14,0.0782122905027933,7.8
290,lost,38,1.0,100.0
291,lost,1,1.0,100.0
292,lost,3,1.0,100.0
293,lost,13,1.0,100.0
294,lost,10,1.0,100.0
295,lost,6,1.0,100.0
296,lost,15,1.0,100.0
297,lost,2,1.0,100.0
298,lost,9,1.0,100.0
299,lost,2,1.0,100.0
300,lost,2,1.0,100.0
301,lost,1,1.0,100.0
302,lost,2,1.0,100.0
303,lost,1,1.0,100.0
304,lost,103,0.9196428571428571,92.0
304,win,9,0.08035714285714286,8.0
305,lost,51,1.0,100.0
306,lost,86,0.9885057471264368,98.9
306,win,1,0.011494252873563218,1.1
307,lost,39,1.0,100.0
308,lost,4,1.0,100.0
309,lost,29,0.9354838709677419,93.5
309,win,2,0.06451612903225806,6.5
310,lost,2,1.0,100.0
311,lost,4,1.0,100.0
312,lost,13,1.0,100.0
313,lost,13,1.0,100.0
314,lost,36,1.0,100.0
315,lost,2,1.0,100.0
316,lost,6,1.0,100.0
317,lost,23,1.0,100.0
318,lost,1,1.0,100.0
319,lost,3,1.0,100.0
320,lost,29,0.9666666666666667,96.7
320,win,1,0.03333333333333333,3.3
321,lost,14,1.0,100.0
322,lost,7,1.0,100.0
323,lost,1,1.0,100.0
324,lost,3,1.0,100.0
325,lost,1,1.0,100.0
326,lost,2,1.0,100.0
327,lost,46,0.9787234042553191,97.9
327,win,1,0.02127659574468085,2.1
328,lost,73,0.73,73.0
328,win,27,0.27,27.0
329,lost,29,1.0,100.0
330,lost,17,1.0,100.0
331,lost,1,1.0,100.0
332,lost,12,1.0,100.0
333,lost,36,1.0,100.0
334,lost,4,1.0,100.0
335,lost,2,1.0,100.0
336,lost,1,1.0,100.0
337,lost,9,1.0,100.0
338,lost,11,1.0,100.0
339,lost,9,1.0,100.0
340,lost,10,1.0,100.0
341,lost,106,0.9464285714285714,94.6
341,win,6,0.05357142857142857,5.4
342,lost,6,1.0,100.0
343,lost,3,1.0,100.0
344,lost,2,1.0,100.0
345,lost,52,0.9629629629629629,96.3
345,win,2,0.037037037037037035,3.7
346,lost,98,0.98,98.0
346,win,2,0.02,2.0
347,lost,108,0.9908256880733946,99.1
347,win,1,0.009174311926605505,0.9
348,lost,1,1.0,100.0
349,lost,1,1.0,100.0
350,lost,13,1.0,100.0
351,lost,18,1.0,100.0
352,lost,13,1.0,100.0
353,lost,11,1.0,100.0
354,lost,2,1.0,100.0
355,lost,1,1.0,100.0
356,lost,115,0.8914728682170543,89.1
356,win,14,0.10852713178294573,10.9
357,lost,15,1.0,100.0
358,lost,56,0.9032258064516129,90.3
358,win,6,0.0967741935483871,9.7
359,lost,12,1.0,100.0
360,lost,99,0.9611650485436893,96.1
360,win,4,0.038834951456310676,3.9
361,lost,29,1.0,100.0
362,lost,4,1.0,100.0
363,lost,4,1.0,100.0
364,lost,83,0.9540229885057471,95.4
364,win,4,0.04597701149425287,4.6
365,lost,3,1.0,100.0
366,lost,1,1.0,100.0
367,lost,1,1.0,100.0
368,lost,6,1.0,100.0
369,lost,2,1.0,100.0
370,lost,17,1.0,100.0
371,lost,2,1.0,100.0
372,lost,1,1.0,100.0
373,lost,48,0.6575342465753424,65.8
373,win,25,0.3424657534246575,34.2
374,lost,36,1.0,100.0
375,lost,12,0.9230769230769231,92.3
375,win,1,0.07692307692307693,7.7
376,lost,19,1.0,100.0
377,lost,2,1.0,100.0
378,lost,1,1.0,100.0
379,lost,2,1.0,100.0
380,lost,9,1.0,100.0
381,lost,1,1.0,100.0
382,lost,8,1.0,100.0
383,lost,26,1.0,100.0
384,lost,1,1.0,100.0
385,lost,43,0.9772727272727273,97.7
385,win,1,0.022727272727272728,2.3
386,lost,53,0.9814814814814815,98.1
386,win,1,0.018518518518518517,1.9
387,lost,7,1.0,100.0
388,lost,10,1.0,100.0
389,lost,13,1.0,100.0
390,lost,2,1.0,100.0
391,lost,1,1.0,100.0
392,lost,2,1.0,100.0
393,lost,1,1.0,100.0
394,lost,25,0.9615384615384616,96.2
394,win,1,0.038461538461538464,3.8
395,lost,1,1.0,100.0
396,lost,9,1.0,100.0
397,lost,15,1.0,100.0
398,lost,2,1.0,100.0
399,lost,5,1.0,100.0
400,lost,2,1.0,100.0
401,lost,29,1.0,100.0
402,lost,3,1.0,100.0
403,lost,49,0.9423076923076923,94.2
403,win,3,0.057692307692307696,5.8
404,lost,54,0.9818181818181818,98.2
404,win,1,0.01818181818181818,1.8
405,lost,11,1.0,100.0
406,lost,3,1.0,100.0
407,lost,2,1.0,100.0
408,lost,27,1.0,100.0
409,lost,2,1.0,100.0
410,lost,3,1.0,100.0
411,lost,3,1.0,100.0
412,lost,2,1.0,100.0
413,lost,3,1.0,100.0
414,lost,1,1.0,100.0
415,lost,1,1.0,100.0
416,lost,1,1.0,100.0
417,lost,1,1.0,100.0
418,lost,46,1.0,100.0
419,lost,1,1.0,100.0
420,lost,7,1.0,100.0
421,lost,1,1.0,100.0
422,lost,1,1.0,100.0
423,lost,5,1.0,100.0
424,lost,4,1.0,100.0
425,lost,5,1.0,100.0
426,lost,1,1.0,100.0
427,lost,85,0.9770114942528736,97.7
427,win,2,0.022988505747126436,2.3
428,lost,6,1.0,100.0
429,lost,15,1.0,100.0
430,lost,31,1.0,100.0
431,lost,7,1.0,100.0
432,lost,5,1.0,100.0
433,lost,4,1.0,100.0
434,lost,6,1.0,100.0
435,lost,12,1.0,100.0
436,lost,5,1.0,100.0
437,lost,26,1.0,100.0
438,lost,10,1.0,100.0
439,lost,5,1.0,100.0
440,lost,12,1.0,100.0
441,lost,4,1.0,100.0
442,lost,2,1.0,100.0
443,lost,1,1.0,100.0
444,lost,3,1.0,100.0
445,lost,2,1.0,100.0
446,lost,2,1.0,100.0
447,lost,2,1.0,100.0
448,lost,1,1.0,100.0
449,lost,11,0.9166666666666666,91.7
449,win,1,0.08333333333333333,8.3
450,lost,1,1.0,100.0
451,lost,1,1.0,100.0
452,lost,1,1.0,100.0
453,lost,11,1.0,100.0
454,lost,6,1.0,100.0
455,lost,13,1.0,100.0
456,lost,51,1.0,100.0
457,lost,1,1.0,100.0
458,lost,1,1.0,100.0
459,lost,9,1.0,100.0
460,lost,5,1.0,100.0
461,lost,2,1.0,100.0
462,lost,3,1.0,100.0
463,lost,3,1.0,100.0
464,lost,3,1.0,100.0
465,lost,7,1.0,100.0
466,lost,1,1.0,100.0
467,lost,2,1.0,100.0
468,lost,2,1.0,100.0
469,lost,1,1.0,100.0
470,lost,1,1.0,100.0
471,lost,1,1.0,100.0
472,lost,1,1.0,100.0
473,lost,1,1.0,100.0
474,lost,1,1.0,100.0
475,lost,57,0.7808219178082192,78.1
475,win,16,0.2191780821917808,21.9
476,lost,26,0.9285714285714286,92.9
476,win,2,0.07142857142857142,7.1
477,lost,18,1.0,100.0
478,lost,20,1.0,100.0
479,lost,35,0.8536585365853658,85.4
479,win,6,0.14634146341463414,14.6
480,lost,4,1.0,100.0
481,lost,10,1.0,100.0
482,lost,17,1.0,100.0
483,lost,15,1.0,100.0
484,lost,9,1.0,100.0
485,lost,1,1.0,100.0
486,lost,13,1.0,100.0
487,lost,2,1.0,100.0
488,lost,1,1.0,100.0
489,lost,2,1.0,100.0
490,lost,1,1.0,100.0
491,lost,2,1.0,100.0
492,lost,1,1.0,100.0
493,lost,1,1.0,100.0
494,lost,2,1.0,100.0
495,lost,1,1.0,100.0
496,lost,12,1.0,100.0
497,lost,1,1.0,100.0
498,lost,27,0.9310344827586207,93.1
498,win,2,0.06896551724137931,6.9
499,lost,1,1.0,100.0
500,lost,4,1.0,100.0
501,lost,64,1.0,100.0
502,lost,7,1.0,100.0
503,lost,1,1.0,100.0
504,lost,1,1.0,100.0
505,lost,4,1.0,100.0
506,lost,9,1.0,100.0
507,lost,6,1.0,100.0
508,lost,4,1.0,100.0
509,lost,11,0.9166666666666666,91.7
509,win,1,0.08333333333333333,8.3
510,lost,3,1.0,100.0
511,lost,2,1.0,100.0
512,lost,9,1.0,100.0
513,lost,9,1.0,100.0
514,lost,5,1.0,100.0
515,lost,1,1.0,100.0
516,lost,5,1.0,100.0
517,lost,2,1.0,100.0
518,lost,10,1.0,100.0
519,lost,3,1.0,100.0
520,lost,9,1.0,100.0
521,lost,7,1.0,100.0
522,lost,2,1.0,100.0
523,lost,3,1.0,100.0
524,lost,1,1.0,100.0
525,lost,8,0.8888888888888888,88.9
525,win,1,0.1111111111111111,11.1
526,lost,8,0.8888888888888888,88.9
526,win,1,0.1111111111111111,11.1
527,lost,4,1.0,100.0
528,lost,8,1.0,100.0
529,lost,13,1.0,100.0
530,lost,1,1.0,100.0
531,lost,3,1.0,100.0
532,lost,4,1.0,100.0
533,lost,6,1.0,100.0
534,lost,2,1.0,100.0
535,lost,2,1.0,100.0
536,lost,3,1.0,100.0
537,lost,5,1.0,100.0
538,lost,5,1.0,100.0
539,lost,2,1.0,100.0
540,lost,2,1.0,100.0
541,lost,15,1.0,100.0
542,lost,3,1.0,100.0
543,lost,4,1.0,100.0
544,lost,1,1.0,100.0
545,lost,1,1.0,100.0
546,lost,1,1.0,100.0
547,lost,18,1.0,100.0
548,lost,1,1.0,100.0
549,lost,6,1.0,100.0
550,lost,1,1.0,100.0
551,lost,5,1.0,100.0
552,lost,1,1.0,100.0
553,lost,2,1.0,100.0
554,lost,57,1.0,100.0
555,lost,9,1.0,100.0
556,lost,7,1.0,100.0
557,lost,1,1.0,100.0
558,lost,5,1.0,100.0
559,lost,5,0.8333333333333334,83.3
559,win,1,0.16666666666666666,16.7
560,lost,3,1.0,100.0
561,lost,3,1.0,100.0
562,lost,4,1.0,100.0
563,lost,4,1.0,100.0
564,lost,2,1.0,100.0
565,lost,3,1.0,100.0
566,lost,9,1.0,100.0
567,lost,3,1.0,100.0
568,lost,1,1.0,100.0
569,lost,1,1.0,100.0
570,lost,1,1.0,100.0
571,lost,1,1.0,100.0
572,lost,1,1.0,100.0
573,lost,2,1.0,100.0
574,lost,1,1.0,100.0
575,lost,1,1.0,100.0
576,lost,1,1.0,100.0
577,lost,25,0.9615384615384616,96.2
577,win,1,0.038461538461538464,3.8
578,lost,45,0.9375,93.8
578,win,3,0.0625,6.2
579,lost,34,0.5862068965517241,58.6
579,win,24,0.41379310344827586,41.4
580,lost,14,1.0,100.0
581,lost,34,0.918918918918919,91.9
581,win,3,0.08108108108108109,8.1
582,lost,1,1.0,100.0
583,lost,7,1.0,100.0
584,lost,1,1.0,100.0
585,lost,2,1.0,100.0
586,lost,9,1.0,100.0
587,lost,1,1.0,100.0
588,lost,1,1.0,100.0
589,lost,17,1.0,100.0
590,lost,14,1.0,100.0
591,lost,1,1.0,100.0
592,lost,6,1.0,100.0
593,lost,9,0.9,90.0
593,win,1,0.1,10.0
594,lost,3,1.0,100.0
595,lost,2,1.0,100.0
596,lost,5,1.0,100.0
597,lost,5,1.0,100.0
598,lost,1,1.0,100.0
599,lost,1,1.0,100.0
600,lost,1,1.0,100.0
601,lost,2,1.0,100.0
602,lost,1,1.0,100.0
603,lost,1,1.0,100.0
604,lost,1,1.0,100.0
605,lost,1,1.0,100.0
606,lost,6,1.0,100.0
607,lost,9,1.0,100.0
608,lost,17,1.0,100.0
609,lost,12,1.0,100.0
610,lost,3,1.0,100.0
611,lost,8,0.8888888888888888,88.9
611,win,1,0.1111111111111111,11.1
612,lost,11,1.0,100.0
613,lost,4,1.0,100.0
614,lost,1,1.0,100.0
615,lost,8,1.0,100.0
616,lost,1,1.0,100.0
617,lost,1,1.0,100.0
618,lost,1,1.0,100.0
619,lost,7,1.0,100.0
620,lost,10,1.0,100.0
621,lost,1,1.0,100.0
622,lost,6,1.0,100.0
623,lost,2,1.0,100.0
624,lost,8,1.0,100.0
625,lost,7,1.0,100.0
626,lost,29,1.0,100.0
627,lost,39,1.0,100.0
628,lost,4,0.8,80.0
628,win,1,0.2,20.0
629,lost,3,1.0,100.0
630,lost,4,1.0,100.0
631,lost,2,1.0,100.0
632,lost,11,1.0,100.0
633,lost,35,1.0,100.0
634,lost,1,1.0,100.0
635,lost,1,1.0,100.0
636,lost,1,1.0,100.0
637,lost,1,1.0,100.0
638,lost,3,1.0,100.0
639,lost,1,1.0,100.0
640,lost,23,1.0,100.0
641,lost,17,0.9444444444444444,94.4
641,win,1,0.05555555555555555,5.6
642,lost,32,0.8648648648648649,86.5
642,win,5,0.13513513513513514,13.5
643,lost,17,1.0,100.0
644,lost,9,1.0,100.0
645,lost,5,1.0,100.0
646,lost,1,1.0,100.0
647,lost,23,0.6388888888888888,63.9
647,win,13,0.3611111111111111,36.1
648,lost,12,1.0,100.0
649,lost,2,1.0,100.0
650,lost,5,1.0,100.0
651,lost,15,1.0,100.0
652,lost,1,1.0,100.0
653,lost,6,1.0,100.0
654,lost,5,1.0,100.0
655,lost,3,1.0,100.0
656,lost,4,1.0,100.0
657,lost,3,0.6,60.0
657,win,2,0.4,40.0
658,lost,6,1.0,100.0
659,lost,5,1.0,100.0
660,lost,25,1.0,100.0
661,lost,4,1.0,100.0
662,lost,1,1.0,100.0
663,lost,16,1.0,100.0
664,lost,7,1.0,100.0
665,lost,2,1.0,100.0
666,lost,3,1.0,100.0
667,lost,2,1.0,100.0
668,lost,1,1.0,100.0
669,lost,19,1.0,100.0
670,lost,12,1.0,100.0
671,lost,1,1.0,100.0
672,lost,2,1.0,100.0
673,lost,3,1.0,100.0
674,lost,1,1.0,100.0
675,lost,4,1.0,100.0
676,lost,1,1.0,100.0
677,lost,4,1.0,100.0
678,lost,1,1.0,100.0
679,lost,2,1.0,100.0
680,lost,7,1.0,100.0
681,lost,2,1.0,100.0
682,lost,1,1.0,100.0
683,lost,1,1.0,100.0
684,lost,1,1.0,100.0
685,lost,1,1.0,100.0
686,lost,7,1.0,100.0
687,lost,12,1.0,100.0
688,lost,5,1.0,100.0
689,lost,9,1.0,100.0
690,lost,2,1.0,100.0
691,lost,2,1.0,100.0
692,lost,3,1.0,100.0
693,lost,3,1.0,100.0
694,lost,1,1.0,100.0
695,lost,1,1.0,100.0
696,lost,1,1.0,100.0
697,lost,17,1.0,100.0
698,lost,1,1.0,100.0
699,lost,3,1.0,100.0
700,lost,2,1.0,100.0
701,lost,2,1.0,100.0
702,lost,5,1.0,100.0
703,lost,2,1.0,100.0
704,lost,13,1.0,100.0
705,lost,2,1.0,100.0
706,lost,1,1.0,100.0
707,lost,1,1.0,100.0
708,lost,5,1.0,100.0
709,lost,2,1.0,100.0
710,lost,2,1.0,100.0
711,lost,1,1.0,100.0
712,lost,2,1.0,100.0
713,lost,1,1.0,100.0
714,lost,1,1.0,100.0
715,lost,2,1.0,100.0
716,lost,1,1.0,100.0
717,lost,4,1.0,100.0
718,lost,1,1.0,100.0
719,lost,1,1.0,100.0
720,lost,2,1.0,100.0
721,lost,5,1.0,100.0
722,lost,3,1.0,100.0
723,lost,7,1.0,100.0
724,lost,2,1.0,100.0
725,lost,2,1.0,100.0
726,lost,3,1.0,100.0
727,lost,1,1.0,100.0
728,lost,2,1.0,100.0
729,lost,3,1.0,100.0
730,lost,3,1.0,100.0
731,lost,3,1.0,100.0
732,lost,3,1.0,100.0
733,lost,2,1.0,100.0
734,lost,2,1.0,100.0
735,lost,3,1.0,100.0
736,lost,2,1.0,100.0
737,lost,1,1.0,100.0
738,lost,4,1.0,100.0
739,lost,1,1.0,100.0
740,lost,2,1.0,100.0
741,lost,12,1.0,100.0
742,lost,2,1.0,100.0
743,lost,1,1.0,100.0
744,lost,2,1.0,100.0
745,lost,1,1.0,100.0
746,lost,4,1.0,100.0
747,lost,4,1.0,100.0
748,lost,3,1.0,100.0
749,lost,3,1.0,100.0
750,lost,1,1.0,100.0
751,lost,1,1.0,100.0
752,lost,1,1.0,100.0
753,lost,1,1.0,100.0
754,lost,1,1.0,100.0
755,lost,1,1.0,100.0
756,lost,3,1.0,100.0
757,lost,1,1.0,100.0
758,lost,1,1.0,100.0
759,lost,2,1.0,100.0
760,lost,1,1.0,100.0
761,lost,1,1.0,100.0
762,lost,5,1.0,100.0
763,lost,5,1.0,100.0
764,lost,3,1.0,100.0
765,lost,2,1.0,100.0
766,lost,1,0.5,50.0
766,win,1,0.5,50.0
767,lost,1,1.0,100.0
768,lost,2,1.0,100.0
769,lost,1,1.0,100.0
770,lost,2,1.0,100.0
771,lost,2,1.0,100.0
772,lost,2,1.0,100.0
773,lost,6,1.0,100.0
774,lost,3,1.0,100.0
775,lost,1,1.0,100.0
776,lost,2,1.0,100.0
777,lost,1,1.0,100.0
778,lost,2,1.0,100.0
779,lost,1,1.0,100.0
780,lost,3,1.0,100.0
781,lost,1,1.0,100.0
782,lost,1,1.0,100.0
783,lost,1,1.0,100.0
784,lost,2,1.0,100.0
785,lost,2,1.0,100.0
786,lost,7,0.875,87.5
786,win,1,0.125,12.5
787,lost,3,1.0,100.0
788,lost,1,1.0,100.0
789,lost,2,1.0,100.0
790,lost,1,1.0,100.0
791,lost,1,1.0,100.0
792,lost,1,1.0,100.0
793,lost,5,1.0,100.0
794,lost,1,1.0,100.0
795,lost,1,1.0,100.0
796,lost,1,1.0,100.0
797,lost,2,1.0,100.0
798,lost,1,1.0,100.0
799,lost,2,1.0,100.0
800,lost,1,1.0,100.0
801,lost,1,1.0,100.0
802,lost,1,1.0,100.0
803,lost,1,1.0,100.0
804,lost,1,1.0,100.0
805,lost,1,1.0,100.0
806,lost,1,1.0,100.0
807,lost,182,1.0,100.0
808,lost,58,1.0,100.0
810,lost,19,1.0,100.0
811,lost,46,1.0,100.0
812,lost,11,1.0,100.0
813,lost,95,0.9895833333333334,99.0
813,win,1,0.010416666666666666,1.0
814,lost,59,1.0,100.0
815,lost,188,1.0,100.0
816,lost,20,1.0,100.0
817,lost,176,0.9617486338797814,96.2
817,win,7,0.03825136612021858,3.8
818,lost,58,1.0,100.0
819,lost,39,1.0,100.0
820,lost,35,1.0,100.0
821,lost,59,1.0,100.0
822,lost,143,0.9407894736842105,94.1
822,win,9,0.05921052631578947,5.9
823,lost,19,1.0,100.0
824,lost,34,1.0,100.0
825,lost,115,1.0,100.0
826,lost,107,1.0,100.0
827,lost,1,1.0,100.0
828,lost,97,1.0,100.0
829,lost,19,1.0,100.0
830,lost,105,0.9210526315789473,92.1
830,win,9,0.07894736842105263,7.9
831,lost,40,1.0,100.0
832,lost,114,1.0,100.0
833,lost,13,1.0,100.0
834,lost,5,1.0,100.0
835,lost,37,1.0,100.0
836,lost,39,1.0,100.0
837,lost,12,1.0,100.0
838,lost,42,1.0,100.0
839,lost,62,1.0,100.0
840,lost,73,1.0,100.0
841,lost,35,1.0,100.0
842,lost,58,0.9830508474576272,98.3
842,win,1,0.01694915254237288,1.7
843,lost,25,1.0,100.0
844,lost,52,0.9629629629629629,96.3
844,win,2,0.037037037037037035,3.7
845,lost,21,1.0,100.0
846,lost,33,1.0,100.0
847,lost,33,1.0,100.0
848,lost,33,1.0,100.0
849,lost,12,1.0,100.0
